1,北京,8191,8123,14158,15521,13458,14177,12606,11707,14134,11627,13020,12656,9996,4655,8589,10685,9986,11682,13341,11699,10644,8876,9683,8603,5870,2362,5606,4759,8535,7086,4348,2518,3620,3682,6271,6044,5438,6272,12854,15699,13395,12950,13070,11119,9105,10496,13090,13443,7638,4261,7379,8367,2692,2374,3690,4044,8997,4774,4879,9073,5981,2724,2721,2781,4619,4602,3640,3474,3281,3049,3018,4045,1120,1962,5555,4702,6388,7482,7990,7320,7052,6828,6427,8921,7517,3338,8764,4032,4184,5438,4161,6491,9091,4559,2910,4016,4061,788,4550,3423,3078,2899,3784,6001,3059,6888,8691,8956,5402,3231,2920,5315,4905,5819,10014,4523,4525,4783,4170,6715,3013,1714,2712,3108,2906,2815,3311,4601,3171,1993,2688,3106,1168,1910,1538,1282,1312,1456,1251,899,1109,1059,709,3232,1347,870,971,1161,2144,1539,1367,2081,2526,1170,3783,3005,2502,1676,2994,2623,8508,6068,4581,3966,2725,3534,3881,3113,3103,925,1529,2812,3328,3507,4014,5605,5250,4218,8301,0,0,0,0,0,0,0,0
2,天津,3755,2046,3666,4486,5705,5419,4714,4579,5500,5475,5966,5984,5150,2860,3424,4952,5383,5777,5137,7889,8950,5716,5044,4196,2895,2063,4304,4531,4232,4357,3799,2502,3268,3363,3807,3587,3378,3818,8204,10232,8204,9667,8934,11935,11210,8828,10962,11602,6953,4202,5298,7804,5533,3821,4025,5417,7681,9716,8666,11837,8173,7671,5810,4041,4906,5487,7037,7329,6798,5628,4127,6632,2328,2577,5696,5932,6324,6587,7819,7619,7085,5921,7339,6797,6734,3797,9202,8365,7257,6521,6275,7526,8529,8960,9925,7559,7895,4802,5146,7116,12471,5977,3537,4387,5002,4988,7519,6893,5385,3143,4763,6886,7978,8613,8830,9696,9937,10085,10374,10530,8631,4657,16064,21855,14011,12582,12622,14577,15254,12171,12870,10401,5809,4043,9437,8578,7767,9428,8438,6620,7048,5725,6192,6630,4174,2089,3520,3795,4536,12550,8086,7680,6876,6573,8411,8250,6788,3715,7465,8375,7396,8019,7063,8288,8969,8232,9069,9437,6224,495,3615,8173,8859,9776,7498,7898,8367,7684,8917,0,0,0,0,0,0,0,0
3,石家庄,301,321,279,707,196,592,830,652,763,1275,911,1367,588,362,711,1161,1772,2397,2633,1326,1851,1497,1606,2664,657,543,793,466,648,900,640,688,646,469,575,1184,719,1141,1984,2119,2047,3877,3357,3499,3939,3366,3522,8077,2059,2039,4946,4096,3768,3727,3686,4880,5093,4319,3932,2724,3040,5636,3102,3390,3828,4385,2686,3142,2392,2471,2182,2025,1079,1428,2456,2121,1890,3031,4221,4549,3370,3969,4807,4645,3360,1424,2794,3492,3355,2532,3829,4014,2792,2006,2139,1383,2109,1368,1722,1517,1744,2882,3796,3646,3819,5041,6527,7559,6706,2787,4258,4175,6224,4785,3860,4348,5230,3788,4256,3722,4722,3081,7245,7758,4626,5847,3729,3626,3698,5804,5055,2687,1430,859,1971,2871,3324,3412,4280,4071,5022,4213,4405,40658,2443,1900,2087,2269,2542,2585,3305,3386,3220,3771,3399,3202,3723,2525,3576,3480,4064,5465,4621,6150,5076,2649,3338,3625,4397,884,1765,3229,4039,3868,4682,4601,4545,3547,4308,0,0,0,0,0,0,0,0
4,太原,715,318,579,572,884,1245,489,972,1146,865,991,1087,1163,319,372,1530,802,617,938,950,1045,747,740,597,530,217,424,822,1234,1064,812,947,1098,552,1557,1975,1197,961,1383,1286,1361,1306,1718,1602,2092,1219,1706,2186,2161,761,1954,2006,1213,1794,1331,1414,1856,1698,2179,2520,1842,752,1855,1566,1334,1878,1509,1272,1504,1097,1109,2330,1130,1408,1818,1462,1820,2169,1966,2207,1933,1620,2396,2116,2382,915,2431,1914,2336,2450,3257,2523,2345,1920,2304,1516,2167,993,1754,3263,3131,3489,4495,6085,4242,2917,3093,3203,2740,1998,558,6475,1651,4372,4147,3756,4487,4153,5608,4638,6262,1582,4744,5882,5406,5896,5827,6304,6003,7499,9141,19509,4050,7156,5587,5624,4596,4931,4524,5255,5021,2847,2862,4140,5296,4532,6642,9235,7939,8270,8163,9293,10653,9028,9229,7079,5879,2085,4636,5249,5386,6547,4002,5151,6346,5324,6372,6156,4973,813,2872,4516,5504,6334,6117,7866,6894,6617,7833,0,0,0,0,0,0,0,0
5,呼和浩特,134,75,185,154,109,157,201,260,333,377,410,717,189,131,238,318,269,351,362,361,193,108,203,138,98,24,183,173,88,139,270,419,427,232,174,260,35,60,275,339,174,453,742,172,369,568,113,509,390,710,547,985,877,654,561,508,377,370,434,2855,1127,3153,39838,2751,1560,2261,1536,944,1518,1329,2538,3039,1168,818,930,1107,1022,1188,1325,1161,1044,1158,1208,992,862,279,1482,1542,1350,1001,1025,1361,1196,1166,630,333,107,98,199,719,909,937,1416,1468,1289,1111,1397,1298,1453,939,1205,1912,625,2126,2519,2170,1973,1845,2508,2444,1912,1100,2379,2827,3558,3020,3065,3698,1732,2866,3339,3569,2597,1458,3020,3544,3587,2847,2668,2788,2933,2306,2777,2694,2538,1113,2358,2685,3552,2858,3311,2823,1906,669,2206,2785,556,1857,2443,2692,2202,2507,2229,2546,2401,2321,6185,5682,2472,0,1358,1732,2375,3900,4211,4767,5020,3143,5456,0,0,0,0,0,0,0,0
6,沈阳,1128,1378,2221,13198,4320,4431,7893,3768,15293,6031,11455,6572,6739,3238,4388,15821,5364,9405,5955,8462,21388,9002,13587,10522,8956,2946,7627,8241,8127,7960,10245,6802,15606,5814,5848,9533,2211,3116,9706,8108,8120,14487,10342,11224,16656,9789,8297,8008,2830,3785,5638,8174,8372,8468,10778,12542,14480,18642,16193,10609,11839,12226,11738,8012,8508,10671,10378,13400,11593,14039,12178,7274,4295,4517,6411,7737,9560,9611,7876,12009,8824,12381,11788,11330,6053,4726,12843,13878,9705,9638,11814,11212,13843,13435,12344,10459,7994,4790,7290,7641,8183,6213,7369,8319,7943,8950,13417,11861,9342,5459,6570,10489,8710,9132,7292,11757,9707,11357,12696,15872,9023,4282,10050,13468,8943,11302,8065,10134,14945,12853,13869,11716,5533,7262,10476,14355,28258,10876,11117,9666,11289,9938,10656,11230,7456,4717,7077,13692,10220,12206,15448,10467,8199,6902,11062,9844,6421,3955,9620,11707,10804,13515,15988,15001,13126,9350,12857,12701,6875,817,7598,9272,23424,13050,11490,11543,5559,5684,5792,0,0,0,0,0,0,0,0
7,大连,1546,1441,1842,1610,1946,2427,1414,1275,1222,957,2128,3057,1731,781,1124,1913,1588,1500,1814,2180,2963,3995,3152,1860,2090,1239,1740,1754,1926,1791,2173,1482,1508,1097,653,870,898,350,1126,1481,3042,3935,4610,5625,4681,1696,7131,5441,2946,889,2270,3982,2259,1313,1149,1778,1774,3391,2274,2515,829,1250,2882,423,1843,1103,1718,1190,847,971,896,573,323,277,799,615,1223,1087,1465,1575,1402,1873,1636,1725,1354,544,1438,1419,1713,1695,1430,1256,1231,1203,1600,1801,933,530,944,814,1046,1234,1261,947,980,1188,1826,1941,1040,602,1087,1185,1834,2010,1755,2100,1375,1558,2432,3748,1144,461,1290,1765,1556,1393,1378,1094,1252,1419,2523,1841,711,697,1418,2237,1492,1182,1029,1197,1083,925,1021,1004,898,486,1075,1420,1139,725,501,326,286,293,361,192,181,206,1029,1186,1126,1798,1721,1133,835,1063,1344,1890,415,0,484,836,889,1287,1911,1031,1352,1223,1119,0,0,0,0,0,0,0,0
8,长春,592,823,1776,1463,2066,2066,1225,3228,2870,3632,3315,2241,2758,1088,2353,2626,2622,4791,5011,5498,4481,5578,4773,3213,2758,1209,2819,2708,4273,5446,6806,4779,4434,4719,3815,3332,2185,2492,6214,6494,6744,7012,7176,6258,6772,6574,8042,6471,3834,2315,4737,4481,3119,4368,5526,5850,5146,6218,7234,7184,3550,1474,3589,8158,6521,4364,5257,5423,5191,5107,4671,3604,1614,2521,4066,3786,5341,5979,6709,6026,6910,5924,7477,5438,6137,3027,7841,6997,6436,5579,5874,6064,6496,6377,7449,6785,4322,3690,6097,5981,5793,5416,5848,5913,6136,5176,6334,6672,4669,2314,3840,5340,5917,7213,7160,6499,6352,5182,6242,5955,3962,2197,5845,6739,5710,5604,5347,5117,7536,6846,6611,6353,3266,2788,5165,5682,5905,6086,6591,6758,6458,5248,6168,4474,4538,3018,4547,5275,4180,5182,5616,5140,7854,5481,5932,7959,6211,3044,4848,4564,4464,5562,5193,5488,6226,4372,4555,3742,2771,495,3021,3131,2963,4242,3764,3993,4807,4150,3189,0,0,0,0,0,0,0,0
9,哈尔滨,609,891,1205,1256,1448,1345,853,1033,1480,1985,2046,2141,1725,888,1313,1911,2669,2537,3821,2786,4025,3639,3066,3038,1561,844,1300,1320,2041,1084,1391,1469,2350,1999,2164,2228,600,1698,1618,2071,2439,4130,4904,2180,3305,2471,2702,6035,1410,2094,3290,4247,1136,7605,2352,2447,2471,2662,3767,4464,7337,20076,1244,2460,2949,2466,9069,4184,3107,3115,2830,3952,1023,2020,2055,2951,2864,4386,5300,2909,4180,8062,9312,3748,4021,1615,5483,5680,4217,4199,3643,5640,5634,5680,4313,6122,3495,1744,4393,3556,3957,3831,3933,3450,4984,3877,4831,4751,3374,2041,2725,4973,5354,5835,5393,4510,6067,4974,4405,3391,3248,2626,4416,6648,4994,4994,7717,5929,5590,5588,5853,6652,3140,3853,5254,6459,5364,9316,5658,5198,8801,6852,6118,4026,3768,3392,3024,4850,4083,5377,5679,5088,8262,4530,5500,4044,3054,2412,4085,3803,3166,3994,3689,6821,7967,7430,7525,4851,2912,0,2041,3443,3322,3827,4562,4736,6267,4596,5349,0,0,0,0,0,0,0,0
10,上海,4050,4062,10606,15195,15350,9089,8031,8683,10286,9517,9415,8031,10285,5682,11761,12571,17691,20145,15471,17654,15831,13998,13150,9696,9679,4179,9804,9459,8871,8289,6518,6339,4783,3976,5991,8036,4351,6518,13082,16463,15023,17056,15132,10130,7621,8882,9977,10246,4428,1650,3571,5473,2255,3185,3673,6083,11000,9306,7187,9690,7732,1437,3147,5344,6644,6259,6045,4451,4131,3493,3910,4842,1580,3138,6117,4422,5955,7542,6501,5862,5967,6886,7305,9165,7600,3600,11559,6189,6783,8406,5561,6757,8678,8925,7961,5299,4736,2644,5859,4793,3579,5060,5293,4444,4903,7379,7379,8036,5171,3722,4521,6896,8758,9354,7660,7975,8843,9031,9832,11507,8306,5404,13568,6904,5949,8012,8348,8080,7023,5106,2943,3544,2342,2441,3666,4828,4046,3704,4544,2680,3180,1739,2175,2624,3506,2039,2852,3390,3784,2857,4633,5273,6357,3458,3507,3194,3719,2661,3626,5128,2613,2361,4581,4843,3738,7154,4866,4375,4123,639,2320,3706,6465,5826,5535,6206,7905,6769,6763,0,0,0,0,0,0,0,0
11,南京,4153,2824,5937,7065,9670,7963,4285,5355,6221,8434,10750,9460,7600,4321,7816,7415,9652,10392,8014,8154,7948,7975,8101,6387,5602,2009,4070,3833,4316,4550,3380,2526,2074,2631,3887,6614,4889,5372,8121,9166,8105,7827,9247,8162,6922,7405,10428,13670,4004,2098,3923,5791,1565,1606,1472,3617,5940,6611,5719,5933,6998,2115,2178,2104,3026,2724,3148,2571,3007,3024,2799,3772,2177,3356,6693,5373,5857,7244,8477,6762,6535,6306,6719,6310,6701,3998,8190,7546,6697,6035,8027,6907,6688,7408,8013,8436,5899,3321,4748,5730,4706,3913,3863,5184,4096,7097,8571,8375,4751,3673,4469,5929,6277,8352,9505,10050,10217,9963,14282,14493,12700,7471,11871,15455,13264,12059,11852,8510,12356,7149,6316,4292,4784,1901,3658,5893,5595,5132,6712,3236,6321,3795,4772,7463,6321,3105,2560,65535,2746,4013,4908,4538,2712,2936,7110,7166,4166,1948,4591,5517,4828,4643,7913,4120,6988,7144,2684,8670,4776,2010,3071,6085,6500,6694,7240,6323,5462,5167,7725,0,0,0,0,0,0,0,0
12,无锡,778,577,1620,1946,1911,2326,1464,1578,1613,2001,2563,2030,1915,1129,1794,2611,2649,2969,2562,2736,3283,4388,3550,3132,1941,607,1635,1387,1951,1908,2030,1490,1575,1912,2121,2755,1902,2253,3824,4074,4736,4058,4410,4402,3918,5736,6308,6292,2780,1492,3801,5492,1543,2002,2534,4177,5916,4607,3462,4848,3158,1557,1486,1822,2116,1918,2196,1784,2208,1904,2650,3096,1111,2046,4359,3167,4673,4556,4182,3710,3914,3750,3460,4511,3502,1749,3822,3502,3554,3235,3146,2578,3901,3716,2768,3595,2274,1908,2898,2550,2924,3383,3016,3722,3666,4779,4550,4649,2567,1907,2711,3890,4598,4616,3936,3622,4008,4117,4292,4525,4164,2680,12665,8644,6870,6465,5224,7062,6449,3454,1680,2435,2115,1492,2161,1908,1777,1766,1702,2529,4968,4093,3261,4289,3058,1692,2281,3789,3290,3555,5002,7088,12639,13296,3504,2835,2971,2477,4408,4313,4591,6822,4867,5928,6613,4026,4063,3116,2486,1321,3070,3838,4271,4375,5636,5565,4376,3685,4305,0,0,0,0,0,0,0,0
13,苏州,1351,1316,2616,3945,4776,2623,3011,2798,3274,4334,4401,4414,2753,1554,3737,3700,4746,3975,4486,4501,6372,3082,3846,2605,2114,893,1925,2329,2733,2735,2176,2075,1390,1963,2497,2348,1492,3890,3236,6002,7425,6156,6456,4684,5404,6688,5736,6158,1601,739,2756,5608,980,1109,1585,2851,5056,5328,3868,4460,3512,1904,1769,2533,3645,3324,2730,3085,3027,2581,2117,2243,1022,2393,4587,3917,4499,5360,4312,4890,4262,4143,4344,5396,4410,2522,5842,5373,4627,4523,4955,4366,4935,6882,4776,6341,3879,2776,4448,4627,4425,4161,4431,5622,5255,6660,6366,7057,3574,2892,4156,6510,6488,8481,7718,6923,9462,9965,11283,8872,10483,4946,8022,5719,4480,3556,3244,3660,7169,4622,2179,1881,1868,1863,2687,4735,4001,6097,5348,3696,4233,4969,5268,5106,3844,2602,2915,4526,2950,5447,4597,5060,4761,4030,4376,7802,5400,2742,4379,7405,7354,7001,7095,5115,5895,5321,6258,6209,5304,2133,4299,5463,4930,6728,6325,5860,5856,4945,5777,0,0,0,0,0,0,0,0
14,杭州,868,516,854,2252,2931,1336,904,966,1989,2218,1695,1903,1556,788,1401,2556,4413,5158,2726,2463,2514,2299,1937,1313,1388,851,1277,1698,2499,1466,1544,867,1182,1092,1313,1593,1002,1330,3841,4875,8091,6093,2716,2336,2571,3302,3342,3650,924,235,1051,2737,477,345,1326,1710,3248,1475,1861,3062,1832,539,283,456,1027,1159,770,993,783,923,634,1271,401,819,3429,3419,3256,4806,3764,2653,2723,1770,2359,2305,2761,1315,3153,2627,2280,2460,2019,2197,2255,1993,2289,2301,1538,639,1184,1598,1405,1471,1640,2664,2814,3730,3541,4386,1723,1228,1528,3528,3920,4172,3186,2997,2614,2491,2925,5002,2733,1600,6623,5618,2943,3774,3466,4054,3827,2667,733,1291,1271,1541,2528,2780,1575,2533,3043,2743,1617,2300,1793,1871,1462,743,627,1077,672,1133,1116,1955,793,881,2614,2509,1303,430,1136,1686,988,942,2620,1385,2450,1999,2293,2293,1008,0,925,3708,2264,1684,1960,1353,997,1150,1223,0,0,0,0,0,0,0,0
15,宁波,598,622,1581,2483,1951,1261,882,1395,1242,1836,1490,2000,1412,612,1536,1773,2260,3411,3329,2599,1968,1439,2147,1457,1328,349,1178,1700,1322,1320,1155,814,1127,937,713,1688,1089,1392,2628,2824,3967,3644,2640,1894,2120,2874,2577,1688,627,180,795,2049,556,496,1035,691,2230,780,1233,1468,2486,605,292,490,1021,914,959,761,661,561,587,643,332,387,1092,1210,1830,1934,2929,2100,1262,1061,1554,1799,1674,730,1450,1162,1255,951,1369,1253,1164,2262,1713,1797,1241,420,884,938,2219,1619,2069,3416,2311,3241,6254,3085,1860,1116,1743,3207,3416,3685,3217,2697,2775,2706,3060,3254,2279,1548,5052,4850,3594,3631,3005,3708,4454,4646,2954,6144,2081,2353,4950,5358,4696,5089,4363,3443,3970,3062,6186,2847,3349,1955,3167,4744,5982,4868,4412,2141,2145,2333,2289,2205,2358,1106,2827,5013,3918,3932,3417,4367,3433,2392,3544,3751,2978,0,2131,2934,5069,4737,5190,5324,4400,3549,2911,0,0,0,0,0,0,0,0
16,温州,157,130,194,297,425,236,327,232,523,492,572,616,969,2564,416,824,495,380,201,87,48,100,79,37,49,160,1132,107,789,347,298,424,317,115,77,94,312,200,228,961,1649,419,344,675,708,676,414,641,548,435,392,301,116,22,24,49,52,79,24,31,77,28,17,11,9,76,12,12,41,144,294,203,42,126,60,531,322,223,541,530,1110,635,660,882,706,224,222,310,815,1207,641,1304,2675,647,682,756,718,557,420,588,434,333,325,709,1277,681,1637,1238,906,658,634,704,1168,1229,776,772,878,1014,904,1791,1198,578,2027,1800,1664,1567,984,785,1395,1398,2034,1419,1345,1130,883,1938,1354,1260,1359,1333,1728,813,922,1188,1537,572,1018,1309,1367,1982,2115,2322,1744,891,1423,1343,1307,1362,1641,2245,2287,3047,2521,3013,2501,2181,2195,1906,1931,147,777,1539,4399,7670,8492,3120,2613,1998,2469,0,0,0,0,0,0,0,0
17,合肥,2116,1513,2634,2994,3031,2767,2619,2716,3126,3796,4318,3928,3601,2096,3719,3782,4671,4882,8223,8201,8199,8584,8599,7062,7084,3340,5473,5430,6395,4491,2529,1629,1133,653,647,856,2236,3863,6700,6708,8100,6825,8320,6658,6916,8491,9230,8629,10463,4852,9375,10652,3807,2979,3093,5270,6054,6016,5242,7662,1255,4557,8845,2181,4213,4510,4274,6854,9180,6274,3153,3849,2120,4727,6478,5463,7308,7227,9370,8409,7785,8315,8775,8199,8014,6055,13270,10477,8580,8825,9352,9196,8791,9501,11022,14165,8905,7070,10501,9645,8275,8348,8123,8448,7326,7305,8850,8857,6038,4901,7128,8743,10213,8722,9176,8085,8057,9614,9755,8675,8631,6270,8170,8521,6069,11634,8976,7559,8187,3469,1892,2400,2016,1856,1801,1570,1625,1723,1633,1376,1700,1299,4974,9216,5232,3138,3627,6825,19345,12692,13559,8946,7747,11857,18773,10117,7542,4798,5834,8514,7021,9139,8548,7835,5602,3907,3384,5767,3113,629,4239,6796,6835,8770,5746,5830,5554,4747,7255,0,0,0,0,0,0,0,0
18,福州,3653,3844,5004,4086,5891,2907,2290,3769,1463,4292,4130,3369,2950,1662,6021,2848,1075,3150,3561,2939,4134,1950,1430,1996,1177,990,1098,1247,4701,1735,1420,886,1287,1060,1457,2202,2448,2890,3796,4501,4578,4534,4545,2258,2198,3006,3821,4345,1969,1200,1496,2237,866,1069,792,1292,1885,3874,1274,1547,4156,548,948,983,937,2017,1161,999,653,629,591,496,294,549,721,543,781,665,1512,1792,1155,1605,1788,1566,1513,1113,2190,1299,1287,1043,937,623,1166,1503,1565,1773,1742,1013,1576,1038,980,851,2174,1724,1452,1550,1717,2548,1391,1817,1733,2094,2283,3055,2230,1941,2290,2114,2720,2884,1775,1478,2281,3415,2197,2942,2517,3003,3332,2207,576,1195,828,927,1423,856,779,654,1020,1647,1842,1361,1361,1361,1500,1703,990,736,633,753,1172,2088,1486,2397,2718,7140,2695,1711,2196,1791,2500,2352,2139,2437,3167,2273,1805,2375,1742,1346,1952,1552,2032,2280,2600,2831,6836,2803,3434,0,0,0,0,0,0,0,0
19,厦门,1089,1584,1780,2209,3178,1675,1371,1865,2723,2477,3179,2609,1639,1537,1403,2588,1295,3355,1987,4648,2118,1496,2571,1662,815,248,527,921,1012,804,1042,539,728,538,722,959,1424,2929,4418,3471,3195,3844,2935,2103,1495,1909,2010,2727,1341,911,3026,3108,999,799,586,1655,1689,2788,2070,2268,2895,1169,870,1132,2188,1707,2475,1858,2572,2470,1719,1788,826,1503,3331,3067,4761,5225,4899,3001,3885,3831,3700,3569,5004,4382,8160,3791,4389,3210,3890,2895,2151,2078,846,299,4723,1732,2807,1091,1634,1886,1782,1668,1257,1698,1881,1868,1034,766,972,1506,2532,2599,1968,2284,2015,2343,3477,3721,1071,758,2514,4772,4243,1957,3002,871,1816,534,599,738,473,567,2893,1324,945,715,597,587,622,926,813,558,294,513,400,735,1415,775,516,613,295,447,504,793,555,427,1035,1435,1517,1726,1051,1511,920,607,944,1295,931,319,872,1232,1820,2097,2287,1907,1768,2293,2174,0,0,0,0,0,0,0,0
20,南昌,855,812,1514,1864,2523,1867,1464,1033,1359,1376,1835,2349,2269,1913,2897,2016,2854,2929,2973,2966,3128,2025,1989,1700,785,463,898,791,1000,1423,1347,970,831,1429,1753,2732,1634,2462,3529,3316,4128,3570,2367,2983,2846,2595,2683,2285,1495,1213,1466,2138,1257,1861,1329,1889,3566,2803,1972,1700,2429,839,420,1231,1474,1751,1481,1429,1278,913,1036,1030,1462,1417,2507,2176,3370,3516,3944,2678,1959,3263,2103,3456,3180,2581,2645,2253,2173,2983,2305,1964,2520,3856,2943,1252,9639,1857,1752,1806,1566,1668,2528,2742,3039,3355,3412,4093,2576,2769,2209,3448,3535,3749,3494,2807,3263,3404,4403,4253,2553,2230,4495,5151,3998,3808,4092,5864,4592,5829,3944,4254,3778,3589,2880,2983,2537,2402,2742,3434,3161,2793,2849,2641,2974,2528,1892,2364,2305,3641,3851,3444,4796,5564,5049,3953,4156,4963,4516,4712,4341,4447,3423,3967,4586,3632,3935,3516,3004,530,2634,3241,4171,3490,2826,1940,2589,3429,3537,0,0,0,0,0,0,0,0
21,济南,0,0,0,0,0,0,0,0,0,0,0,0,1789,448,431,414,1134,1444,1232,1686,1433,1531,1643,1530,1707,709,1140,1480,1401,1257,1360,1136,868,828,606,1298,600,668,1625,1851,2225,3028,2056,1904,2480,1182,2269,2899,1415,409,1718,2025,1676,1266,1626,1693,1604,2064,1872,2255,6415,8688,1301,2031,3351,2986,3157,2237,2610,2549,2045,1841,723,1684,3171,2799,3445,3328,3376,3524,3593,4179,3484,4205,3721,1793,5187,2919,3536,4861,3803,4596,5363,5368,5094,3421,2911,2108,3948,4172,2997,3385,7764,6050,4490,4998,5904,9632,7458,3182,5444,6687,8335,7876,6694,6894,6406,8497,9582,8971,7433,1423,14384,11279,11630,14860,11785,10784,14975,5398,5897,8935,5414,5807,5622,6603,3540,3889,2323,3358,3924,3622,6707,6222,3383,2200,4717,6265,6808,5673,5464,5302,6118,4533,4148,3146,4865,3713,6783,9566,6772,7952,7465,6413,7270,6199,7456,7221,3316,729,3650,6150,13618,6760,5752,5993,5631,10784,6614,0,0,0,0,0,0,0,0
22,青岛,628,675,1055,816,780,584,556,498,925,670,911,640,554,444,1133,827,850,1105,992,1467,1318,913,884,539,384,200,389,444,511,437,422,506,644,475,638,800,386,657,859,2151,1713,1685,1750,1509,1670,1767,1869,1982,1435,309,1137,1385,953,422,1159,1331,2225,3471,2494,2032,2033,258,398,390,724,1421,968,945,1032,879,757,1940,428,773,971,892,1389,989,2085,2147,2393,1782,1665,2609,1864,1089,3408,2113,1939,1808,1481,1741,2323,3791,3941,2624,1302,1499,1068,1363,1336,1261,1067,1729,2064,1797,2254,2340,1351,865,1549,2117,2537,2622,2607,3347,2790,2592,3382,3322,2119,1106,3260,4433,4579,3849,4166,3148,2870,3045,1342,1892,2139,1684,1763,1265,1261,1160,803,647,871,1774,1301,1847,1150,2840,1166,5308,1514,1078,552,439,433,212,863,677,301,171,356,522,747,747,758,467,534,1165,691,1064,552,186,472,748,731,920,596,908,712,541,743,0,0,0,0,0,0,0,0
23,郑州,3560,2559,4269,4744,5382,5318,4124,6139,4980,4969,6760,6532,4597,3142,3905,5000,4795,6342,7322,8900,4470,4466,7622,6420,3240,1495,3003,3937,6030,4396,4958,4896,3554,3419,6565,6743,2977,4711,9090,8686,8594,8627,9455,9544,9761,9342,8322,13957,10287,4694,8744,8628,5612,5612,7230,9059,8624,7620,6585,8440,4294,2204,3293,2216,4897,3401,3018,3990,3525,3582,2825,3881,1447,2619,5469,4935,8675,7882,7434,7268,6846,5172,7284,6366,6460,2800,7591,5565,7965,5963,5392,6001,4778,4839,11681,9071,6181,3327,6180,6048,5988,5701,6010,7240,4987,6681,6591,8990,6416,5013,6238,7549,8040,7808,9215,8702,8440,8583,8912,11601,7422,5009,10287,13387,12657,16223,12138,17962,22927,8497,10825,11352,4062,5121,5803,5328,5098,8767,10751,7232,11596,7625,6191,12458,9259,4966,6944,7460,6778,11502,8283,8086,8574,8359,11093,18432,8200,4704,9774,14144,11804,14075,13222,9717,10014,7451,10390,10542,8128,135,4655,10191,11036,10461,10784,10632,0,0,0,0,0,0,0,0,0,0,0
24,武汉,4328,3636,7520,7058,8523,6920,5666,5493,6021,7935,8395,5627,8256,3262,7532,7338,6622,7649,7755,7175,6853,7108,6219,4136,4271,1619,3623,2165,2669,2942,2988,2074,2120,2636,3608,4262,2314,3577,6633,7831,5473,8456,8571,8211,7674,7668,9893,9700,11241,2112,6890,10318,6259,4304,5235,5746,6935,7387,7794,7725,7567,2841,5873,4299,6421,7401,6357,7636,7708,7586,7244,6775,3559,4741,7168,7506,7538,9565,10410,9212,8493,9283,9226,9627,8212,4117,9455,6499,5889,4813,4451,3867,4021,4190,3543,9325,7166,6782,10982,8990,8000,9863,10096,11161,12545,15907,17493,15161,10672,7736,12213,12743,15059,14441,13016,14048,17222,19256,23001,20048,17463,12501,23956,27600,19079,21440,17540,19374,14285,14465,18761,15263,11276,7545,11589,15158,12885,11822,14452,12815,10586,11197,12459,13607,10487,4941,5547,7773,6735,9236,7620,8569,7374,9342,11310,11972,7732,6683,7816,9122,9829,12119,18982,10954,11292,13110,12301,12838,7761,0,0,3322,7323,7105,13061,12044,11929,12900,14460,0,0,0,0,0,0,0,0
25,长沙,3103,1353,3878,3835,2954,3377,3512,3814,4696,2374,4696,6303,4948,4046,4367,4617,2367,4918,4782,5292,2530,3465,4930,3966,5485,1603,2210,2275,2236,2009,1614,1626,1370,1358,1163,2057,1725,1105,1825,2443,2848,3842,2639,2924,2656,5107,9652,9400,10307,4081,7477,8672,9990,6690,6416,4625,6056,5204,7848,13819,11073,3527,7994,8164,6171,5896,7362,6946,5538,4821,5058,4513,2727,2626,3503,4562,4416,6603,6173,7098,7570,4898,8559,6972,8469,4111,8539,9146,7344,8727,6740,8694,6522,7183,9256,6623,7470,4784,6767,6353,6209,5332,4777,5648,3811,3831,6448,6126,8230,4711,6581,8644,7577,7659,9223,8842,8766,7664,10093,9084,9925,4145,8959,11767,11195,12236,10415,8666,8502,9120,13721,15239,8997,9250,10934,11871,11160,9605,10382,8302,8303,4747,5729,5567,5705,5292,11042,12195,9832,11255,8786,7660,8107,6270,10203,11045,7886,3601,7475,7418,6171,6133,5148,5687,9873,8612,10984,8770,6933,1173,6214,8064,6565,6131,7893,9232,9632,5962,8592,0,0,0,0,0,0,0,0
26,广州,4537,3020,4201,3751,3435,5593,3270,3666,4407,3349,5769,4691,5580,5128,3918,4751,3762,5956,5406,5905,5136,3704,3338,2606,2347,1261,2458,1326,1986,3221,5196,2687,2463,5198,4733,6098,5875,6535,8094,8885,11008,9391,4673,14656,7929,4597,6549,6610,4575,4236,4796,3911,4247,4041,2667,3089,3353,4522,5696,5038,4874,4091,6027,4576,4286,4779,4712,5315,5136,3387,4682,3762,3267,2434,3315,3445,3423,4689,4705,4466,5573,4171,5336,5215,4558,4087,7483,8536,5445,5670,5637,5773,4300,3634,4036,3793,3931,2519,3834,5151,4065,4136,5288,4410,3855,2909,4380,5357,4859,5813,4829,6601,5525,6111,6097,7692,6812,5020,6795,15506,6393,3702,5745,7913,11215,8860,8042,8288,6859,7744,10458,9893,9904,5239,7250,8039,6249,6193,6305,8346,4341,3677,5317,6037,6864,3427,4602,6424,7028,6815,6582,7489,7216,6268,8023,6575,6449,4102,6023,7603,6013,6350,6643,6265,6358,5292,6012,5997,5225,953,4393,4825,4574,5180,5658,6860,7530,5499,9937,0,0,0,0,0,0,0,0
27,深圳,8408,4048,7185,6432,6604,5499,2932,3686,5655,5409,8468,8098,8283,5878,3829,5243,4210,5866,5027,3082,3175,1670,1927,2008,2825,680,2059,3498,4757,3079,2563,2974,3639,3543,3448,8615,5863,3976,7296,8070,8186,7741,7262,3597,3501,4313,5957,4749,8384,2214,2008,3967,1492,1734,1594,2054,4854,4666,3331,3574,5652,1741,2719,1722,2262,2576,3939,3054,2067,1863,1777,2281,2249,1312,2831,5506,6122,4276,3452,6640,3521,4612,4073,4916,4316,2520,3498,2965,4146,4394,3650,3249,3327,2675,4833,3732,3620,3732,3119,2899,2747,1966,2640,2425,3274,2487,5368,7106,7101,5009,3388,4254,4097,6453,6805,11662,4253,3787,5843,6137,6146,2953,6484,4151,2230,2796,2285,2564,2449,3005,2445,2140,1900,493,2668,1456,2018,2401,2175,1525,2617,2419,2509,2399,2303,1285,1708,1686,1729,2474,2915,3249,2379,1556,1556,2341,2221,1219,2434,2638,3365,3373,3154,3442,1807,2629,2354,3532,3918,3918,2773,2773,2390,2637,2411,3479,3918,3391,5113,0,0,0,0,0,0,0,0
28,南宁,1369,1977,1971,2531,1886,2388,1386,2093,2339,2824,2514,2790,2781,1888,2329,2179,3984,4471,4108,5038,3782,3171,4431,4636,4248,1741,2492,2479,2809,3669,2575,2323,2736,2124,3613,4335,2854,4112,6378,6231,6627,3775,6433,5596,5237,4274,6370,9764,3391,1813,2753,3520,4124,3197,3838,2958,2697,4471,3734,5140,6618,7958,764,989,1993,1994,1962,2639,2017,2238,2538,2075,1298,1665,2449,2481,3715,3602,4717,4466,4344,4151,4349,3759,4358,2120,3919,5240,4212,3655,3814,5054,5310,5854,6060,5426,4159,3124,4284,4227,4717,3887,4037,3610,3806,4358,6560,9403,5820,4481,4970,4722,6901,5605,6166,7246,6301,7205,10039,7887,7970,3661,6011,8937,8820,7810,9260,17028,6993,10222,10598,14255,6110,4681,8148,7029,6418,5949,7857,7416,7712,7038,7576,7426,6943,5460,5066,8329,6978,6674,5835,6301,5795,5881,7968,9868,11208,6611,5154,6949,8475,5915,8599,6385,8073,9924,16395,11911,9694,758,5408,8069,8068,7862,10457,8361,7682,6725,7144,0,0,0,0,0,0,0,0
29,北海,296,296,415,287,642,523,526,560,456,369,577,1711,1357,589,748,906,1030,2215,1013,836,795,419,601,593,864,308,877,1637,1408,890,1446,634,1410,635,691,868,1150,527,1460,1781,2062,1877,2195,1637,1313,1344,2060,2432,3108,2000,2354,2871,2730,2240,1823,952,922,1260,1438,1040,479,1201,3044,1327,1291,1985,2317,3109,1721,1471,1600,1569,1204,1392,1613,1833,2193,2043,1945,2001,2065,1442,1195,934,1309,926,1005,1100,1080,2227,2133,2073,2176,2125,2925,2361,2782,1543,2524,2419,2090,1824,1367,1308,1377,1419,1801,1635,1399,989,1124,1451,1544,1559,1008,593,1433,1209,1365,1218,1179,536,1132,1093,1101,1011,1087,1940,1774,2118,2406,3316,1486,2886,4215,5519,5644,2932,1824,1254,1487,2265,2064,2220,2891,2308,3452,4283,5223,4403,2752,1292,1478,1295,1519,1907,1973,1896,3552,2770,3452,2570,1607,2438,1641,1585,1913,2130,1812,269,1085,1189,1447,1618,1423,1336,1466,1632,1726,0,0,0,0,0,0,0,0
30,海口,571,465,853,912,1340,1330,909,874,946,991,1025,1907,1643,962,1676,1673,1650,1617,1402,1334,1625,1463,2083,1717,2339,795,1734,1520,2323,1544,1509,1280,984,862,883,1383,635,849,1409,1398,1863,2026,2004,1927,1817,1427,1956,2623,3341,2049,2559,7889,106,308,257,276,404,752,572,729,1335,3376,275,465,666,772,777,793,768,1009,686,907,685,884,1538,1491,2212,1844,2102,1811,1805,1431,3677,1987,2179,1308,2944,1838,2627,1440,1799,1596,1429,3557,3351,2499,2516,1185,2180,1604,1597,1505,1684,1825,1905,1731,2149,1676,1351,777,1011,1451,1452,1270,990,863,883,744,918,956,976,555,877,1123,920,904,639,455,2146,3118,3916,4786,3911,4007,5915,3305,2422,2297,1815,2126,2000,1547,1295,871,912,386,740,540,541,1257,1472,748,1371,2310,2902,3018,1777,891,3110,2375,1768,4186,2900,4060,2809,2341,2876,2946,3200,525,5593,1168,1720,1363,2620,3850,2791,0,0,0,0,0,0,0,0,0,0
31,三亚,558,1020,1061,605,455,338,222,223,208,307,421,858,758,661,988,574,446,501,237,359,339,599,631,932,1255,1339,1349,643,722,564,317,205,376,600,411,634,1317,1883,1389,1110,1109,803,856,838,783,1007,2134,3181,3594,1734,1602,923,294,199,145,301,442,430,444,662,1546,1749,1091,296,325,303,219,213,888,378,417,1266,828,1122,833,467,517,279,275,278,342,405,870,962,1759,1690,1773,1004,823,471,677,780,512,847,816,1009,950,1351,1148,676,459,488,354,408,417,730,902,1009,893,1032,1000,833,646,477,511,491,506,609,705,789,1309,725,1429,1007,687,431,351,441,457,695,811,2238,2487,4326,4870,2059,670,1128,701,730,859,761,888,1452,1389,1410,1303,1059,564,1408,570,309,83,50,297,134,186,288,615,665,350,538,389,273,230,632,468,954,606,0,247,308,255,306,365,406,322,355,432,0,0,0,0,0,0,0,0
32,重庆,6078,5489,7198,6206,14966,8108,6499,6981,9077,13993,12313,14655,13023,8032,12510,15465,15939,17001,24587,26651,23473,17809,18964,12131,10007,5554,8294,8559,10549,5656,8061,5286,6577,12759,9008,7261,6905,10860,17734,21032,18412,15858,16297,13172,12820,24964,15674,16581,12711,8587,11518,21622,7031,8346,11034,14215,17983,24528,13769,13948,13109,6095,9050,13255,8620,7626,6925,7102,8433,9312,9243,10468,5399,11724,10731,14076,8313,14106,12547,11031,9935,12853,17057,18651,10952,9829,14509,16941,12527,9046,9800,12725,10527,17951,12222,10841,8559,7032,8208,14667,8745,10018,10944,9587,12536,21150,15074,15269,9705,5191,7819,17211,17745,13985,9471,14637,10620,14381,14435,19045,15232,9516,19853,19656,15947,11467,10529,11769,12654,21117,23934,20302,20370,12964,15959,21156,20108,13543,11422,9045,11980,13567,13546,13762,14086,11234,12295,13316,14666,16231,12988,15867,14345,15631,12836,17398,15621,7728,15004,21244,18006,18318,16781,13810,12679,15348,12156,15624,12371,319,8031,10987,14521,15481,13098,15030,14065,15065,16988,0,0,0,0,0,0,0,0
33,成都,4584,3926,5217,5314,5947,5534,5813,5059,5276,6382,8932,10998,9553,4396,6885,7732,7023,10750,12274,12802,11133,8264,7935,6072,5256,2703,5158,5895,3727,3264,3814,3506,2941,3209,3807,5376,4740,7542,12148,11565,18077,6533,9458,8921,9012,10671,14704,22994,2646,4050,6711,8788,6180,4661,3669,5744,8721,11872,13073,9594,11103,9818,2392,3594,4572,4649,4490,4815,5010,5484,5632,4849,2508,4228,7392,5878,7793,6464,8869,10148,8378,5444,10686,9175,9611,5615,10858,13996,8056,8559,9284,8050,7277,8898,9674,9070,7561,5592,9315,8877,14338,4199,6584,6142,5982,6896,8337,9682,6453,4040,6191,6728,7956,7700,7937,7659,6519,6729,8444,7727,6406,3810,7968,8748,9547,7776,8624,7049,9705,11719,5893,6353,4649,3471,5411,6658,6427,4750,5240,3298,4402,2488,3180,3320,3229,1555,2620,2721,4597,2156,1419,2766,1857,1210,1986,6281,4324,2381,2783,1997,1682,2002,3073,1827,1345,1881,1935,3591,2973,1864,2564,2282,3204,3297,3045,4202,2848,1569,2262,0,0,0,0,0,0,0,0
34,贵阳,915,811,1042,891,1043,1012,930,1384,1395,1514,1384,2011,1299,591,1456,1243,1444,1845,2165,2803,3788,2423,2170,1814,1383,617,1194,1197,1240,1454,2006,1351,1436,1719,1558,2608,1567,1762,3787,4859,5128,6960,5190,4754,5010,5338,5320,5294,3370,1864,5090,5207,6962,3862,2249,3515,4450,3755,4694,5354,4167,2096,3582,3189,3071,3281,4014,7075,7286,3344,3692,1919,3573,1910,6580,11613,7652,3877,15252,6833,6780,7795,6079,6878,10980,6291,6966,6068,6154,6928,7440,5454,6365,5553,5815,6734,9372,5947,7083,8024,5200,3465,4099,3186,4286,4106,8500,4653,4137,2955,4259,4295,4986,5907,6442,6039,5048,5121,9819,6892,6152,2133,4707,8217,5568,5857,6605,6667,7110,6995,6469,6088,5532,3690,6432,8262,5118,7874,5869,4383,6029,3509,3806,2972,5986,4580,5643,5163,5863,5755,5752,4955,3252,3930,7679,5091,3402,3611,2762,3354,3331,3467,3187,4373,3389,4191,3843,2770,3150,732,3511,6338,6277,4306,4579,5012,5004,6169,5530,0,0,0,0,0,0,0,0
35,昆明,2541,2089,2610,3108,3388,3705,2565,3509,3140,3602,2245,4218,3440,2232,2993,2716,2308,4174,3588,2080,2184,2433,2784,2629,1795,1002,1376,1314,1208,966,1086,661,807,549,724,1033,587,545,762,1008,1087,1347,1301,826,907,514,1124,966,230,1885,1481,1175,905,1296,1011,1061,775,1757,3018,8692,7571,2528,181,897,1712,1248,719,1197,1908,1650,1606,1580,801,2600,1953,2310,3935,3481,3892,3625,3842,2993,3598,4383,4560,2587,3598,3834,4824,3212,4574,3975,6119,5318,5526,6042,5319,2244,6630,4850,2829,3584,5214,3636,4216,3920,4796,8892,4683,3568,3122,4584,4296,4562,4133,4026,3433,2507,4380,5566,4878,1246,2196,4321,3290,3396,4284,3841,4575,5945,4724,4867,4640,1990,5200,5782,5452,4757,4206,4032,2394,1704,10689,5481,3512,2774,2434,5579,5680,6703,4216,3837,5542,5940,4625,6831,5158,2732,4017,6068,5587,6844,7360,6848,7288,6408,4858,5430,4882,381,2218,3545,6091,7030,5493,5601,6944,6191,5808,0,0,0,0,0,0,0,0
36,西安,622,2620,5303,5033,5338,3908,4252,4395,5146,5765,6010,6445,4621,3013,5810,5943,6386,6946,7265,8855,9880,8340,9281,8722,6144,2373,4707,4999,4535,4947,5362,4514,4514,4586,4597,6464,3198,5899,8734,8753,9239,10327,9659,10176,10391,13370,14648,25342,8274,4945,10308,12510,9751,7792,7347,9832,11362,13127,14755,13677,10798,9906,2607,4131,5246,7990,7389,5976,6055,5832,6026,4861,2337,4011,6281,4398,6295,7504,6168,6922,6265,5671,8082,7983,7398,3386,7821,8276,7821,6911,7336,6980,6076,5634,6760,7473,4945,3743,6781,6525,5341,5258,5568,5803,8041,7045,7685,9098,6538,3643,4619,6113,6916,6349,7250,8266,2349,987,8439,7286,6562,3207,7258,9923,7951,8380,7071,6504,8816,12674,10100,10108,6743,6900,6797,12168,5089,5526,2960,2446,2782,2215,3263,3392,3501,2021,2714,3712,2927,2762,2694,7236,6970,4533,6813,7823,7159,3224,4159,4802,4033,4834,4713,4154,3306,3223,5127,4997,3844,470,1949,2634,3255,5284,4848,6214,3675,3811,5137,0,0,0,0,0,0,0,0
37,兰州,188,184,381,386,462,812,411,382,202,460,538,437,175,110,753,926,3532,997,1724,1592,1777,1310,1423,1016,618,269,1067,816,1649,1287,637,580,632,604,640,688,247,500,933,1459,1550,1290,1633,1717,1323,1154,1105,1383,1258,390,1178,767,441,604,749,872,1720,959,894,466,239,254,1265,105,154,159,718,772,1499,1010,733,662,364,279,656,754,584,653,1027,1230,1054,985,1986,2251,1376,515,1374,1334,1433,1440,1905,2326,2140,1506,2294,2245,3256,1679,1648,1750,1464,1579,1984,1901,3194,3049,2091,1970,1271,696,1204,2586,3069,2564,3181,2300,2034,2174,3112,1934,2228,988,3096,3025,2473,2412,2236,2846,2877,2983,4257,3812,2932,2610,3002,1839,1192,2721,2647,2966,2106,1243,1683,2263,1959,877,1725,1990,1301,3036,3027,2306,1780,1629,2326,2635,2522,1035,2168,2309,1753,3000,1705,2162,1944,3098,3557,3583,1962,550,2245,3064,3247,4708,3649,4696,3709,3562,3562,0,0,0,0,0,0,0,0
38,西宁,323,377,710,880,1497,1356,845,1148,1202,1991,1541,1280,1119,597,959,1158,1237,1449,2022,2657,2352,2299,1905,1339,1122,387,1056,855,1094,1069,1288,1225,1153,1100,1043,971,439,638,1057,896,729,990,724,827,757,629,513,671,488,604,2780,2147,1566,1846,1771,1901,4357,2882,3637,2088,860,1699,3307,1339,1530,1476,2840,2169,2586,3131,1992,2123,602,721,1697,1340,1488,1739,1676,2075,2095,2562,2673,1926,1683,554,1439,1448,1433,1185,1587,1842,1930,2011,4115,5356,6419,654,900,1330,959,1302,1151,1206,1636,1500,2617,2728,1275,1028,1292,2104,2093,1597,1812,2542,2134,2153,2842,2349,2058,596,2107,2123,1943,1902,2157,2513,3344,5030,3442,2848,1400,1367,2870,2307,2345,2662,2036,2432,1979,3225,3593,3023,2209,1141,2311,2238,3358,4217,2425,1912,2420,3849,3084,3216,1472,580,1360,2307,1807,2879,2872,2464,2969,3409,2644,2977,1833,36,2228,2372,1854,1734,2095,3331,3896,2949,2769,0,0,0,0,0,0,0,0
39,银川,578,400,1129,1064,1117,1035,1223,1389,1590,1686,1332,1447,1002,516,1148,2120,787,974,372,1000,417,1744,2738,1580,1088,628,1548,1757,1409,1663,1792,2313,1372,1117,1208,654,408,662,1065,1158,1537,2161,1993,1921,1293,1283,1231,1890,694,332,582,674,595,666,431,1155,2645,1091,910,826,346,416,276,523,808,515,381,245,231,100,1697,1015,1077,1645,1636,856,1112,1198,1821,1472,1839,1883,2311,1938,1930,1003,2609,1982,1664,2144,2138,1948,2025,2630,3040,2011,1407,1203,1952,2658,1925,1668,1741,2420,2507,1843,3347,2745,1998,1619,2042,2410,2530,2712,2989,2999,2542,3040,2526,3633,2464,1093,2658,3178,2952,2678,2632,2736,3154,3599,3140,3115,1893,1710,2579,2977,2958,2394,2802,3203,3620,2918,3071,2159,1867,1315,2779,2928,2327,2309,2952,2326,2788,2315,3356,3009,2320,1195,2338,1998,2428,2727,2582,3712,3623,4023,4117,4765,2351,257,1783,3333,2753,4893,4300,1778,3467,4214,4929,0,0,0,0,0,0,0,0
40,乌鲁木齐,299,382,674,678,964,1169,1593,1570,2028,1908,1869,932,938,430,959,372,1370,2268,4311,5265,2393,3659,7745,3832,1990,517,2606,1551,1696,1458,2385,1874,1988,2245,2255,2609,1584,2446,3941,4040,3975,5047,3363,4295,3744,5926,5192,5718,3529,1310,2388,2299,1462,1970,3164,5576,5246,7689,6147,5153,3765,1602,3257,2685,1955,2835,2571,3453,3135,3396,3395,1779,3757,1545,2498,1634,2556,2796,3195,4018,2973,4004,4966,4047,4271,1863,4985,3128,3337,4038,5643,5356,3862,3860,4703,4844,2758,1349,2311,1781,1881,1969,1603,2183,2447,2962,1578,3021,2344,997,3366,2675,4238,2321,3441,1605,3097,2779,4547,7412,2193,1018,1938,5504,3329,3487,2664,3199,3794,4656,4470,7977,1325,1777,2586,3143,3068,2750,3125,5059,4695,3781,5081,5076,3184,1239,1243,2889,2025,2287,2646,1937,4188,5022,4667,6380,2640,1296,2346,3886,3449,2349,2397,3392,3742,3714,4317,6344,1128,0,1359,4373,3275,3964,2422,0,2734,7097,7319,0,0,0,0,0,0,0,0
