1,1854,1735,2989,3408,2790,3283,2679,2155,2613,1941,2358,2477,1882,949,1987,2243,2098,2659,2937,3183,2686,2154,2232,1569,945,421,1233,993,1327,1202,969,568,1264,905,1017,1183,851,1236,2292,2976,2642,3082,2974,1989,1820,1885,2443,1989,1243,618,1303,1315,418,300,489,730,777,582,587,1028,1041,493,252,277,518,435,351,555,448,389,568,672,153,291,967,824,733,1016,1127,1259,900,877,1283,908,758,569,1531,664,711,465,399,652,1005,696,568,782,614,127,670,397,296,389,241,254,451,434,484,661,252,223,303,369,577,823,762,280,359,290,649,721,532,292,534,639,598,501,517,383,582,387,315,462,373,343,314,270,313,249,347,298,232,868,804,317,40,111,91,58,35,120,80,132,464,77,134,134,255,160,185,279,307,283,198,352,338,371,453,504,229,35,88,254,330,318,376,505,451,356,554
2,609,275,590,682,628,666,638,541,605,621,707,547,538,271,321,512,528,636,501,736,986,521,337,403,332,205,394,313,312,315,321,214,289,269,298,263,188,155,425,559,595,636,716,811,570,489,703,721,411,268,268,438,191,200,297,341,389,595,597,639,467,295,240,244,277,195,351,400,402,202,227,455,138,92,195,331,375,307,353,379,380,356,570,408,356,177,375,336,312,306,340,308,532,544,576,451,486,225,335,445,448,410,308,394,397,495,678,685,496,227,361,529,589,585,613,647,638,664,757,944,551,292,1173,1908,860,724,868,1016,934,846,789,608,351,194,694,709,289,394,409,293,334,305,157,136,165,85,122,114,101,413,287,300,192,347,438,305,329,118,262,340,304,343,249,323,337,558,511,519,299,29,135,323,419,511,345,313,300,196,314
3,62,52,64,96,28,42,39,29,100,148,200,179,50,9,94,152,243,487,768,275,429,503,343,776,76,99,186,95,64,74,105,67,60,81,65,151,71,134,100,168,75,288,167,295,252,175,257,830,345,350,903,636,479,790,489,528,636,450,498,254,283,791,891,648,358,463,361,261,244,415,252,328,161,167,250,288,218,293,440,494,472,519,637,1133,644,204,370,464,532,483,416,509,380,272,247,242,261,200,246,213,232,197,168,158,287,388,340,297,349,169,275,189,406,267,320,259,385,313,468,428,203,93,382,597,345,523,562,427,496,853,673,347,279,64,167,244,228,142,194,347,131,280,269,1733,100,76,236,254,209,260,326,435,376,618,680,471,468,465,684,788,786,884,852,901,736,264,393,638,770,101,281,476,455,557,689,674,566,488,564
4,41,96,182,146,220,365,166,247,478,234,388,394,190,92,92,423,231,249,239,391,273,246,241,140,119,52,136,193,288,244,207,332,145,142,190,298,121,166,325,280,289,353,365,352,315,274,294,526,506,158,289,279,300,383,217,224,406,443,671,556,458,298,369,349,222,257,239,218,216,184,211,449,209,174,238,206,284,311,281,336,276,154,300,398,493,213,418,918,1412,330,556,435,408,289,331,141,468,244,346,560,429,660,859,1049,911,571,713,632,509,293,88,1574,510,966,843,672,694,770,984,780,810,173,757,1223,933,928,883,1146,1080,1151,1540,3513,638,1102,993,1081,836,1062,1244,998,1143,542,582,889,1188,878,297,2200,1683,1529,1858,2067,2227,1677,1726,1413,1162,312,821,827,776,940,691,1070,1048,732,1241,1564,878,187,481,796,879,964,941,1311,938,893,1006
5,0,0,0,0,0,0,0,0,0,0,0,0,0,0,0,0,0,0,0,0,0,0,0,0,0,0,0,0,0,0,0,0,0,0,0,0,0,0,0,0,0,0,0,0,0,0,0,0,0,0,0,0,0,0,0,0,0,0,0,0,0,0,0,0,0,0,0,0,0,0,0,0,0,0,0,0,0,0,0,0,0,0,0,0,0,0,0,0,0,0,0,0,0,0,0,0,0,0,0,0,0,0,0,0,0,0,0,0,0,0,0,0,0,0,0,0,0,0,0,0,0,0,0,0,0,0,0,0,0,0,0,0,0,0,0,0,0,0,0,0,0,0,0,0,0,0,0,0,0,0,0,0,0,0,0,0,0,0,0,0,0,0,0,0,0,0,0,0,0,0,0,0,0,0,0,0,0,0,0
6,57,37,36,249,77,63,147,77,223,106,162,213,339,133,93,217,98,189,208,239,429,332,47,378,426,103,358,258,226,226,277,261,412,193,136,350,69,150,273,260,521,630,382,696,873,681,377,318,100,135,354,531,493,507,508,790,976,825,948,516,526,1137,586,529,584,650,669,1017,824,726,459,323,287,259,231,434,575,679,463,596,598,745,818,643,287,331,714,923,456,474,577,481,732,601,790,426,417,177,316,432,488,399,429,509,509,470,721,561,192,168,338,701,341,433,299,760,358,722,469,600,263,101,239,475,268,463,328,523,756,593,618,526,240,251,361,749,1106,482,610,348,495,547,538,643,315,153,216,594,446,550,546,712,606,301,497,392,286,192,461,663,582,931,1143,897,896,526,698,655,318,42,448,614,1480,811,809,667,403,397,0
7,132,115,192,170,281,281,182,148,143,87,279,362,331,66,200,293,166,232,201,304,266,455,338,184,196,71,103,143,120,179,159,171,196,243,59,103,45,54,83,179,213,247,363,282,281,117,307,377,218,96,114,316,166,86,70,180,157,305,243,130,90,49,242,50,75,96,107,123,102,148,91,95,21,38,60,26,43,94,66,62,89,169,282,80,43,13,36,31,53,73,132,100,89,99,94,99,36,31,44,78,78,70,118,61,104,151,167,110,61,42,70,76,115,136,131,222,79,112,119,181,70,39,72,195,102,120,187,93,103,120,266,163,40,62,90,268,184,162,127,129,101,111,164,98,63,77,85,92,60,63,48,46,21,23,23,19,7,7,85,103,88,82,156,117,99,85,111,128,42,0,23,45,61,77,126,76,42,48,67
8,85,95,291,326,264,261,163,590,397,458,541,461,311,201,328,415,367,520,556,646,592,870,841,521,222,195,305,243,410,588,761,476,479,645,249,347,141,230,702,853,720,811,722,572,669,654,847,691,503,230,441,583,248,354,495,415,533,670,700,680,294,161,345,854,734,353,567,547,556,546,410,294,127,188,334,339,548,614,538,462,722,641,741,422,555,291,632,467,560,525,532,465,508,445,538,396,229,216,321,441,396,533,508,443,520,317,406,431,171,147,190,191,330,333,352,289,248,213,261,263,171,91,261,309,303,270,337,310,327,323,258,168,147,97,184,224,161,191,218,188,237,203,341,182,188,98,209,189,135,0,177,63,154,127,73,298,231,67,224,153,127,124,87,81,108,50,86,55,46,17,59,73,71,94,94,110,92,64,49
9,53,76,154,165,164,288,126,180,399,302,389,402,435,179,280,264,323,375,500,539,864,384,199,430,316,235,133,164,112,91,103,108,327,605,220,300,92,512,209,332,343,353,629,430,414,507,446,1000,228,383,367,476,189,638,336,249,353,320,368,416,1626,3365,136,484,435,304,1478,412,185,278,301,431,94,143,192,626,366,552,658,325,316,751,1231,445,433,133,827,644,464,484,461,680,694,582,415,542,264,242,419,441,494,490,403,430,482,348,548,539,350,228,275,676,451,580,532,479,560,442,389,299,288,171,310,550,529,529,549,555,473,515,395,538,197,187,395,543,736,1098,622,396,614,955,456,286,214,311,430,459,424,542,1631,1278,1163,421,366,446,256,147,253,364,262,280,463,399,611,268,281,179,142,0,77,107,141,146,180,194,353,194,194
10,645,540,1280,2038,1741,1354,1030,981,1434,1176,1346,1355,1176,845,1660,1831,2807,3187,2377,2675,1969,1466,1263,961,1002,319,880,1011,742,722,614,541,361,246,424,664,351,436,871,1522,1503,2002,1768,1442,841,622,815,750,305,99,304,433,225,355,326,651,1095,1002,740,1129,943,87,165,317,586,510,530,364,574,528,482,627,179,189,685,648,732,1165,1103,1010,863,872,1027,1249,1035,627,1799,1043,1059,1201,935,1111,1643,1413,1201,759,619,342,508,514,406,538,623,524,545,805,823,865,566,459,489,805,1133,1433,1074,1109,1061,966,1143,1110,1047,601,1840,665,707,783,861,1134,870,538,306,249,220,179,194,280,272,300,361,313,279,183,298,241,174,97,226,261,250,318,311,590,520,524,332,256,372,324,360,472,284,166,1647,528,330,694,388,365,280,48,185,406,446,427,436,516,834,472,488
11,295,210,497,570,744,709,411,404,515,740,986,902,599,361,816,783,736,737,649,875,1082,1007,567,439,565,127,147,421,298,240,209,108,116,134,273,319,251,278,524,490,566,750,1015,742,772,780,861,1317,144,147,202,368,99,87,314,208,317,479,301,306,363,201,108,143,174,216,302,176,152,296,189,165,88,146,558,406,510,584,640,515,594,512,531,539,480,401,659,786,514,496,708,488,739,720,706,707,500,266,449,461,340,297,269,288,256,491,560,757,376,286,246,433,510,512,602,636,1042,572,1227,1045,801,681,869,1035,987,1032,912,654,954,771,621,303,214,184,325,275,638,482,469,205,634,283,391,816,634,160,166,467,228,551,890,619,292,360,795,725,831,177,416,713,521,282,524,339,949,422,267,1030,481,139,293,736,587,448,542,406,584,434,338
12,164,65,215,271,182,361,258,229,218,294,343,336,338,203,310,603,407,476,414,459,391,445,468,469,230,108,242,223,241,269,236,144,105,148,191,419,225,158,303,309,551,421,499,425,391,820,572,820,295,166,432,991,192,305,266,294,543,506,499,743,412,209,149,253,274,332,210,165,153,140,427,308,95,179,384,281,463,451,387,337,322,313,412,516,327,151,315,305,323,379,262,247,325,357,217,402,258,124,215,300,233,432,312,386,499,536,519,515,273,250,229,405,415,433,461,366,350,404,453,501,400,211,1179,729,590,583,410,555,607,308,178,160,182,74,129,186,129,131,198,172,263,238,231,382,252,115,194,388,298,279,396,631,1048,1272,253,200,227,238,337,518,492,773,554,682,655,404,400,342,242,62,412,529,405,513,675,749,437,337,408
13,401,297,503,821,991,556,481,456,496,739,703,625,491,314,627,1173,614,738,735,974,816,329,381,328,303,67,100,207,273,200,292,139,96,172,184,381,235,685,375,581,842,474,682,470,602,789,678,776,126,65,199,490,133,133,206,286,380,433,443,370,380,234,135,179,292,211,237,335,205,250,180,240,84,181,376,331,348,344,369,340,363,368,491,497,358,220,490,403,353,351,295,335,344,492,515,506,296,190,262,356,311,264,317,289,284,449,535,420,317,266,314,492,510,587,579,484,751,800,879,1029,792,478,1110,770,517,257,207,329,474,449,253,258,180,210,278,569,445,680,533,378,449,465,402,515,410,270,310,514,342,747,571,666,639,423,547,950,734,449,490,785,804,753,714,563,650,496,660,829,904,290,478,552,563,1049,837,840,806,715,867
14,220,119,256,488,1002,406,309,328,491,761,495,589,392,222,511,815,1418,1694,1241,1119,689,415,386,202,188,53,114,100,260,152,116,175,365,136,170,206,147,156,333,539,765,532,356,258,355,426,372,336,79,92,135,306,55,20,26,74,283,101,196,306,110,83,19,27,56,63,121,65,88,56,81,151,17,77,165,200,270,444,341,242,255,179,173,275,238,126,276,261,271,194,181,175,168,352,247,664,132,55,150,172,111,73,119,216,211,305,393,395,158,120,127,193,278,336,276,267,217,205,293,414,306,107,468,468,345,241,314,323,466,409,158,111,87,561,203,285,144,232,317,260,282,238,298,157,179,81,271,146,251,262,96,207,102,319,505,365,135,32,133,186,173,187,540,167,312,292,199,640,236,0,200,580,520,379,244,180,121,110,137
15,135,105,316,423,427,320,228,292,314,324,402,503,318,174,385,490,556,980,755,813,532,418,172,185,132,42,136,264,293,129,280,124,72,71,56,311,118,142,308,281,317,577,492,212,283,299,418,329,97,33,245,604,83,38,102,93,338,211,141,206,393,109,33,41,58,136,96,94,99,96,50,73,48,62,144,219,161,209,393,240,141,163,337,257,165,118,245,221,189,227,315,160,228,246,240,237,144,57,70,236,124,436,390,1328,772,848,612,1040,720,412,600,1396,1316,1800,1700,1028,1108,1176,1520,1300,1000,452,1648,1467,1604,1240,1296,1612,1884,1188,1308,2560,740,856,2732,2940,1808,1500,1760,1210,1276,1184,1390,328,1536,1550,1856,2436,894,2664,2568,804,732,654,1080,1182,735,184,2496,2601,675,1884,1104,428,474,297,392,632,432,0,274,446,683,695,760,914,826,403,270
16,70,63,117,138,242,132,221,123,331,282,217,182,389,1526,163,376,251,197,105,49,33,62,40,31,41,79,185,66,118,65,105,113,39,23,8,30,121,80,63,462,448,206,186,220,112,180,123,240,261,324,204,137,91,14,15,29,21,59,13,0,0,0,0,0,0,0,0,0,0,0,0,0,0,0,0,0,0,0,0,0,0,0,0,0,0,0,0,0,0,0,0,0,0,0,0,0,0,0,0,0,0,0,0,0,0,0,0,0,0,0,0,0,0,0,0,0,0,0,0,0,0,0,0,0,0,0,0,0,0,0,0,0,0,0,0,0,0,0,0,0,0,0,0,0,0,0,0,0,0,0,0,0,0,0,0,0,0,0,0,0,0,0,0,0,0,0,0,0,0,0,0,0,0,0,0,0,0,0,0
17,234,231,424,424,516,408,398,348,441,443,500,515,494,336,449,422,526,677,1649,1017,1051,1064,1086,917,824,732,794,615,912,642,509,345,229,157,127,149,170,203,302,324,461,375,436,450,588,501,719,555,576,289,511,567,224,130,213,292,564,329,458,521,298,180,1849,109,198,269,394,497,351,246,283,417,181,244,324,315,322,330,531,583,422,501,475,420,368,279,795,490,472,491,624,633,541,464,667,595,490,307,420,412,310,310,461,533,361,381,479,411,383,274,405,503,601,546,389,384,423,486,564,492,597,379,396,363,420,522,294,503,388,306,107,118,87,108,104,100,97,94,60,77,188,79,184,248,127,138,269,390,663,681,925,1383,805,805,2159,811,682,407,617,815,585,831,834,765,557,440,352,979,422,13,342,628,961,1139,664,782,697,698,1111
18,1259,1323,1925,1697,2268,1366,1223,1092,502,3344,3627,2798,819,474,666,1114,265,991,1225,930,1231,590,637,670,324,317,269,290,303,248,246,183,215,124,247,304,147,226,264,364,407,548,910,360,392,514,739,945,361,313,346,375,153,158,172,153,325,399,303,208,520,132,148,184,146,76,118,103,105,96,90,55,44,70,108,71,130,114,250,314,241,206,268,238,271,198,316,242,258,204,212,154,104,121,161,104,139,91,150,104,176,108,166,161,181,204,270,430,255,228,249,282,306,355,672,232,218,240,307,556,434,160,260,323,200,218,195,220,458,216,108,117,115,69,104,81,54,52,92,137,243,93,67,63,74,79,44,34,57,43,59,0,0,0,0,0,0,0,0,0,0,0,0,0,0,0,0,0,0,0,0,0,0,0,0,0,0,0,0
19,184,309,322,434,681,474,541,571,684,581,605,520,327,505,382,486,560,1130,627,591,511,313,617,499,154,56,112,192,240,179,200,106,102,99,279,235,302,476,992,978,1026,1053,834,893,408,435,652,697,382,189,522,775,253,144,104,132,184,229,142,220,427,148,149,146,207,357,536,255,336,399,157,193,70,156,367,315,497,489,582,328,513,272,271,369,679,536,1048,561,537,367,332,298,214,288,59,56,494,234,220,238,345,310,356,261,165,202,268,269,164,124,126,191,331,261,197,274,262,244,442,618,153,91,210,447,440,392,338,111,246,73,53,74,90,81,191,95,135,75,113,57,70,35,103,127,104,22,35,92,240,109,84,99,53,57,187,175,108,41,58,78,116,93,94,284,111,38,68,274,151,48,121,87,133,273,331,271,145,312,348
20,164,163,263,350,374,318,568,118,307,188,194,194,273,246,427,231,457,370,485,564,494,322,338,305,121,88,102,133,418,871,156,79,103,95,96,207,172,179,376,400,528,647,335,310,329,276,366,354,199,70,157,180,162,133,149,147,242,181,205,272,244,127,67,166,176,136,137,162,101,66,40,47,47,55,46,63,101,120,163,110,102,173,123,273,146,164,195,144,177,160,80,98,121,131,64,20,1444,128,111,57,122,133,112,125,174,184,193,208,120,89,109,169,210,250,211,200,180,184,301,277,164,139,263,569,258,305,727,479,346,700,196,297,93,204,214,280,222,146,150,157,120,131,163,119,115,156,45,220,219,296,166,365,280,172,192,417,614,370,121,218,296,374,166,500,504,522,291,302,261,62,235,227,291,367,265,197,219,332,330
21,0,0,0,0,0,0,0,0,0,0,0,0,212,52,55,52,144,244,152,241,215,318,258,329,179,60,223,221,242,216,152,172,116,177,127,163,124,85,311,307,358,623,298,263,288,99,486,377,188,72,212,388,149,173,373,284,242,234,299,288,1081,1298,117,150,246,449,391,231,308,223,256,358,128,195,493,346,396,375,249,376,393,325,348,446,479,214,881,652,461,397,366,444,559,435,422,286,298,186,371,382,316,458,1221,681,607,586,649,1159,757,532,487,659,900,826,744,588,670,1205,1000,1282,982,214,1920,1950,1738,2768,1716,1733,2625,880,1250,1463,958,561,721,930,617,755,484,427,700,956,1644,825,405,254,484,450,924,941,975,884,1011,725,649,723,3300,2624,4548,6648,965,1270,4112,408,963,733,840,905,462,99,646,1027,2494,1348,1131,1293,1296,2222,1304
22,27,53,112,98,95,67,60,72,79,79,109,50,67,26,64,106,86,123,98,163,107,121,122,66,45,25,37,45,40,30,17,151,52,31,37,106,16,33,41,212,167,122,187,118,160,155,148,183,80,30,73,221,70,51,41,62,45,289,91,77,100,13,16,16,28,40,123,99,58,29,102,82,68,32,37,110,170,96,260,152,238,178,218,243,204,102,253,182,158,171,175,168,228,169,174,133,74,57,88,86,109,58,59,101,106,109,151,155,83,55,97,113,148,117,121,141,160,139,127,145,120,45,131,170,241,175,199,608,676,1156,664,528,500,420,808,840,684,584,400,336,360,632,284,396,124,168,82,412,110,135,89,30,53,30,78,280,66,37,45,102,104,90,116,107,86,133,64,130,47,15,44,90,69,102,53,67,58,72,62
23,891,549,997,1167,1187,1088,902,1648,1120,988,1253,1079,881,650,1040,1229,1002,1464,1518,1771,615,611,719,657,607,298,754,786,1297,503,480,690,429,309,512,592,246,290,492,575,533,586,734,698,669,642,628,942,675,363,860,714,632,427,414,677,440,433,641,671,412,231,720,149,738,388,301,193,760,165,135,160,97,153,221,236,319,339,275,273,257,208,459,389,432,135,236,175,413,253,290,517,165,205,180,315,219,104,205,213,391,297,300,474,646,563,519,657,200,210,313,498,923,616,456,548,524,517,537,612,337,226,539,589,628,1106,661,1423,1856,785,903,1209,481,589,688,767,704,680,868,827,1136,587,758,1005,655,378,406,518,584,852,1007,744,628,784,945,1858,570,435,888,1362,989,1446,1226,1037,808,545,688,933,646,9,425,1218,1305,1007,1146,1123,0,0,0
24,614,444,1010,929,1174,880,794,691,811,1045,1157,708,945,412,1052,1076,972,1042,1025,1089,985,959,973,515,859,104,220,167,218,184,242,226,187,213,262,501,196,240,659,913,433,775,837,625,713,615,1355,604,1042,249,667,969,517,489,353,404,525,624,643,525,436,267,446,274,565,411,389,671,461,373,387,490,366,234,261,286,346,463,432,392,363,331,348,399,508,158,227,267,326,239,199,244,216,200,143,155,128,82,243,180,171,207,228,345,447,463,492,458,324,262,340,531,557,700,500,755,792,761,853,761,827,751,1499,1399,917,866,938,687,906,449,778,471,201,145,239,295,380,287,469,424,382,696,358,462,368,165,226,329,259,288,231,236,283,288,425,724,355,415,324,435,694,564,725,905,748,671,899,957,454,0,0,127,437,543,885,827,789,589,729
25,683,294,997,1031,734,772,755,804,911,420,969,997,975,878,866,653,412,725,528,788,297,379,698,486,824,163,268,307,363,272,208,256,182,269,189,374,207,171,212,278,353,517,466,628,422,821,1480,1458,1534,572,964,1399,1644,866,933,640,716,409,723,1380,1304,354,687,756,578,664,801,866,582,578,528,422,345,323,364,415,350,488,340,368,421,328,522,456,438,147,387,513,332,425,312,424,318,376,613,426,465,318,426,522,383,321,365,304,222,262,391,347,547,206,425,570,540,578,719,621,684,457,722,881,665,168,684,732,768,743,723,682,448,525,732,985,642,492,704,873,843,511,507,455,508,306,416,341,328,288,594,993,701,639,601,531,777,607,931,1023,710,240,575,588,578,584,513,510,1006,1049,1371,1159,931,146,855,1328,950,864,1262,1337,1284,804,1025
26,779,426,596,572,543,1170,724,578,766,576,802,712,694,713,615,845,584,854,909,934,1122,823,642,482,396,224,356,255,202,268,586,183,170,721,553,736,753,598,829,1001,1493,1505,925,1782,1013,739,959,894,926,551,708,680,568,602,478,506,439,602,717,556,576,455,706,633,536,664,608,531,582,456,423,384,338,292,310,272,450,635,542,531,567,499,546,432,581,583,972,1469,839,687,709,596,653,461,487,516,455,290,396,613,527,447,740,535,450,304,517,645,668,647,638,628,580,729,741,977,737,705,768,2832,882,403,606,718,1718,1656,641,568,432,460,631,793,606,327,439,465,350,291,243,260,246,195,232,333,458,392,307,415,856,389,257,519,356,276,340,265,494,185,298,564,226,232,244,340,145,133,167,253,125,32,117,105,115,177,163,147,188,102,203
27,733,246,761,843,1305,677,365,549,494,374,834,910,807,760,444,483,760,604,522,359,322,155,164,287,324,58,166,505,239,283,248,278,351,396,321,645,456,362,745,735,644,852,1058,471,478,333,509,391,702,115,163,369,143,64,146,179,356,350,441,347,348,94,201,83,162,199,167,77,62,90,61,107,141,35,133,278,404,218,339,888,261,360,286,403,225,134,177,131,116,307,356,404,356,464,642,248,209,248,356,251,164,116,146,178,231,122,299,709,618,398,206,315,327,488,695,1388,280,219,420,693,553,197,612,454,338,382,375,257,297,275,256,269,137,27,184,106,122,156,175,85,245,246,255,264,239,91,113,61,70,0,0,0,0,0,0,0,0,0,0,0,0,0,0,0,0,0,0,0,0,0,0,0,0,0,0,0,0,0,0
28,224,102,209,332,274,250,133,193,232,341,267,339,432,315,251,243,494,473,486,651,469,395,513,343,365,121,248,342,415,359,210,269,302,171,235,346,243,324,659,750,737,722,947,713,739,551,834,1120,623,167,277,335,348,229,205,227,210,210,315,304,485,1152,83,27,73,90,101,206,218,130,109,147,81,122,164,133,187,185,174,180,140,167,147,170,279,108,239,351,387,356,408,116,121,161,230,394,206,110,173,130,160,163,203,309,182,334,329,523,326,288,299,245,373,367,195,205,179,201,393,406,254,116,211,291,209,216,469,984,383,435,427,491,315,253,434,433,314,234,294,240,190,312,366,529,388,282,252,416,361,353,406,332,303,374,367,513,509,313,219,223,358,278,344,273,363,389,676,573,527,27,372,579,388,620,671,1338,1528,374,343
29,44,61,71,40,61,44,95,74,61,16,92,115,187,81,103,95,129,159,45,50,78,54,45,90,57,12,30,109,110,24,160,11,21,122,155,51,28,28,91,122,99,83,130,132,27,27,36,35,58,12,60,72,47,37,45,7,6,9,9,9,3,13,23,14,12,22,18,31,23,28,6,15,29,23,21,32,65,22,23,28,0,0,0,0,0,0,0,0,0,0,0,0,0,0,0,0,0,0,0,0,0,0,0,0,0,0,0,0,0,0,0,0,0,0,0,0,0,0,0,0,0,0,0,0,0,0,0,0,0,0,0,0,0,0,0,0,0,0,0,0,0,0,0,0,0,0,0,0,0,0,0,0,0,0,0,0,0,0,0,0,0,0,0,0,0,0,0,0,0,0,0,0,0,0,0,0,0,0,0
30,69,55,84,71,181,128,208,136,102,122,134,212,167,123,312,209,220,258,301,207,214,185,345,274,256,84,217,265,336,214,302,234,262,70,169,158,63,87,173,150,216,232,229,339,291,166,308,418,465,316,467,1359,6,22,19,23,101,117,56,122,135,453,48,73,64,131,94,115,70,53,79,132,94,205,218,126,332,372,457,403,420,240,782,383,448,224,400,260,279,206,212,150,124,601,516,288,304,133,210,163,186,179,153,195,170,231,302,160,145,78,96,126,217,151,162,120,89,106,118,96,115,45,109,145,85,105,78,62,113,156,270,285,180,319,449,401,138,126,130,97,126,92,161,76,56,26,32,15,23,222,126,37,72,235,236,165,92,58,344,155,97,298,280,306,283,255,345,513,409,69,684,144,220,167,265,437,392,0,0
31,29,63,72,46,31,32,21,28,21,21,25,59,65,61,78,46,38,28,18,40,39,27,33,44,78,93,62,39,13,18,13,4,11,55,29,41,367,250,68,64,92,48,41,68,55,57,138,181,178,139,89,48,44,39,26,13,21,48,40,105,139,69,91,18,13,52,11,5,6,16,24,0,17,28,8,8,14,8,8,30,16,25,23,42,51,48,28,39,31,28,17,24,38,62,26,97,52,108,33,8,21,136,3,5,77,28,5,14,9,18,10,26,21,23,9,8,16,8,11,6,12,11,45,22,4,6,8,3,2,2,4,31,77,159,16,8,17,3,0,0,22,25,25,10,9,12,12,11,11,21,20,30,3,4,38,0,10,3,9,6,8,7,7,4,18,15,0,49,22,0,2,4,3,4,8,3,9,18,5
32,722,476,768,909,1825,794,597,776,1150,863,887,1240,1198,677,1289,1420,782,739,1203,1760,1768,1050,1532,828,892,387,502,665,597,479,616,268,459,677,528,464,317,522,1127,1208,1204,1166,966,777,1078,1642,995,1322,883,448,823,1625,499,789,862,1257,1185,1869,1112,1269,1197,500,776,1152,531,664,675,838,739,837,993,1183,411,827,771,1205,677,1223,975,706,641,755,1122,1415,719,522,866,679,705,566,535,725,662,771,540,552,331,240,326,648,287,390,367,433,632,1090,829,906,468,314,343,1019,904,823,621,780,565,616,635,636,269,360,681,747,556,509,404,585,810,972,982,1222,1277,525,681,1048,589,439,722,263,337,584,300,463,707,704,803,682,1246,935,588,832,931,1137,944,1069,983,698,1206,2094,1769,1714,1538,1235,1045,1001,1140,1236,726,6,493,582,931,1136,733,682,618,690,572
33,638,612,739,778,636,656,657,477,510,568,1451,1481,900,310,744,1336,607,703,946,877,1201,412,399,268,127,102,382,201,139,87,120,237,167,109,121,299,156,177,221,216,576,225,428,278,340,455,741,1496,139,195,302,530,452,215,214,309,442,537,607,572,622,623,128,199,185,183,254,296,367,316,379,314,143,194,331,357,531,351,642,763,603,467,869,680,623,408,944,1271,660,638,659,479,499,626,734,673,562,319,604,643,619,551,1130,540,615,714,792,1077,616,401,415,507,566,624,638,667,698,463,674,651,543,377,614,623,764,639,710,569,857,1057,585,601,393,388,515,570,530,502,641,386,408,440,402,442,381,246,379,233,842,635,329,339,511,296,749,1540,1272,843,409,491,403,542,923,557,521,838,695,2007,1336,695,850,710,661,668,667,1035,1134,575,840
34,142,115,164,189,140,269,202,349,286,359,297,435,215,114,257,287,337,577,459,840,1172,540,512,600,286,108,260,303,253,353,460,328,350,452,339,490,268,327,612,1116,947,1542,1037,924,831,892,840,788,587,450,790,881,1093,400,335,565,671,622,632,785,494,323,684,442,400,411,378,464,539,324,419,176,151,104,639,791,434,308,948,455,496,381,486,453,539,169,409,404,347,657,598,350,445,394,549,504,425,423,510,444,430,328,586,412,321,194,835,428,324,189,283,318,430,408,466,425,310,634,689,690,691,175,364,752,349,308,463,363,447,444,522,485,418,315,495,1013,705,860,544,422,453,331,388,224,666,697,690,730,756,900,740,418,513,482,907,316,386,448,267,352,356,488,394,403,359,423,423,369,420,106,291,449,507,398,435,667,632,281,437
35,496,710,664,1064,989,1487,826,877,1317,1205,718,966,692,595,723,503,376,1101,1080,557,586,805,702,381,441,213,246,214,191,153,181,191,364,179,199,255,208,100,125,144,136,193,221,235,279,133,163,237,71,334,283,229,185,354,199,105,87,107,261,725,1989,545,6,36,111,71,24,52,207,145,176,144,85,367,432,568,940,892,331,345,373,232,333,427,395,132,338,316,484,707,389,234,636,331,257,389,673,382,431,708,307,254,316,261,504,360,486,1693,629,459,515,395,335,383,391,349,298,282,805,860,571,82,155,491,329,321,301,343,471,514,456,409,614,266,501,605,1040,397,508,366,385,162,830,385,394,191,198,396,578,889,387,391,594,1046,531,788,824,441,592,755,905,919,1070,771,898,715,706,733,496,16,201,406,492,596,531,484,448,468,441
36,72,328,652,833,736,673,617,754,900,782,733,912,713,525,741,916,894,1116,765,1070,1262,1283,1170,1104,622,257,531,458,446,540,1137,503,610,398,589,914,245,486,713,803,896,978,1142,1174,1208,1189,1318,2137,898,457,1133,1465,938,1337,875,966,1399,1667,1922,2150,1146,1145,153,262,460,1521,1112,701,727,550,556,489,314,287,427,450,533,646,531,596,537,492,810,827,839,372,784,715,716,671,597,567,498,495,581,508,414,251,538,487,426,582,394,407,981,607,626,874,588,331,376,724,608,740,1048,1229,286,155,732,717,822,452,762,1155,913,708,756,518,722,1141,1054,1020,510,426,590,946,453,519,202,182,241,385,357,252,142,77,88,178,147,238,142,335,540,365,545,768,836,302,308,451,415,1028,1346,688,773,486,763,785,772,156,405,406,673,598,848,815,623,614,689
37,32,20,38,37,79,135,98,74,101,37,131,192,2,6,91,132,90,179,170,185,314,273,257,230,141,54,135,140,569,316,120,112,93,100,125,80,33,64,119,204,240,215,196,258,193,114,126,168,79,29,104,85,54,43,50,68,164,87,109,52,25,54,81,0,0,0,0,0,0,0,0,0,0,0,0,0,0,0,0,0,0,0,0,0,0,0,0,0,0,0,0,0,0,0,0,0,0,0,0,0,0,0,0,0,0,0,0,0,0,0,0,0,0,0,0,0,0,0,0,0,0,0,0,0,0,0,0,0,0,0,0,0,0,0,0,0,0,0,0,0,0,0,0,0,0,0,0,0,0,0,0,0,0,0,0,0,0,0,0,0,0,0,0,0,0,0,0,0,0,0,0,0,0,0,0,0,0,0,0
38,41,47,73,105,223,144,94,137,154,175,156,161,110,73,161,216,191,193,323,432,283,293,296,278,135,58,208,160,184,180,188,155,96,135,138,133,95,83,174,118,91,221,96,74,75,129,74,80,100,72,222,187,211,280,368,564,708,647,845,548,208,367,526,162,202,163,320,272,218,287,327,297,109,82,296,269,218,321,269,270,208,297,389,381,230,74,202,151,151,110,252,248,244,238,384,558,815,153,120,173,107,178,109,85,167,139,129,120,90,86,104,199,183,158,177,253,218,392,198,145,188,59,237,200,229,130,118,152,197,726,491,388,156,126,244,191,277,272,162,230,242,321,385,255,147,98,184,186,285,383,157,150,272,277,178,417,154,77,158,187,283,338,405,405,405,465,179,212,193,7,195,244,210,247,321,350,382,328,221
39,50,53,129,151,110,159,120,141,203,202,155,149,102,54,143,296,141,211,111,98,50,222,298,186,132,84,169,158,138,227,202,605,334,93,94,81,65,65,107,91,152,164,184,150,90,123,91,108,58,25,71,72,56,62,44,78,225,118,97,49,39,20,18,9,28,37,39,29,23,13,266,39,485,733,570,134,127,104,216,221,216,197,277,224,176,97,260,239,238,175,226,274,330,256,339,274,127,153,270,199,216,176,194,248,224,158,376,321,310,288,212,311,294,293,354,382,362,343,285,407,276,132,340,391,336,270,290,400,432,395,436,278,196,134,221,323,292,260,339,383,403,287,365,254,178,150,300,286,289,240,258,232,350,202,293,352,260,110,258,307,406,390,313,423,420,393,674,445,233,66,250,444,474,546,514,278,411,556,596
40,0,0,0,0,0,0,0,0,0,0,0,0,0,0,0,0,0,0,0,0,0,0,0,0,0,0,0,0,0,0,0,0,0,0,122,108,124,158,201,274,253,364,312,219,224,302,278,320,328,165,207,339,137,277,252,339,393,389,624,245,257,131,490,315,207,125,115,430,255,340,312,257,273,120,238,146,239,213,219,239,184,196,312,598,219,188,492,312,455,272,587,467,320,425,464,702,288,160,202,178,213,144,155,153,147,185,112,259,312,109,200,142,471,184,385,151,357,154,185,209,84,61,101,263,173,305,303,224,243,269,319,671,61,72,100,246,179,161,148,194,339,300,322,322,216,132,132,196,187,171,142,100,214,288,171,319,187,44,110,188,151,144,143,198,125,187,159,367,45,0,109,269,143,145,584,0,1170,314,227
41,0,0,0,0,0,0,0,0,0,0,0,0,0,0,0,0,0,0,0,0,0,0,0,0,0,0,0,0,0,0,0,0,0,0,0,0,0,0,0,0,0,0,0,0,0,0,0,0,0,0,0,0,0,0,0,0,0,0,0,0,0,0,59,40,9,3,152,73,57,29,37,54,20,39,42,40,46,50,50,54,35,43,13,31,50,47,41,30,39,42,32,34,43,39,45,160,112,80,236,372,52,142,49,98,17,27,35,1168,520,128,176,304,308,244,348,324,70,53,75,56,50,17,79,100,117,103,93,91,37,68,176,143,79,75,68,157,247,42,70,50,33,33,38,23,27,13,19,192,200,30,26,85,70,676,368,174,202,46,128,216,62,58,44,266,82,66,168,88,56,10,0,0,0,0,0,0,0,0,0
42,0,0,0,0,0,0,0,0,0,0,0,0,0,0,0,0,0,0,0,0,0,0,0,0,0,0,0,0,0,0,0,0,0,0,0,0,0,0,0,0,0,0,0,0,0,0,0,0,0,0,0,0,0,0,0,0,0,0,0,0,0,0,0,0,0,0,0,0,0,0,0,0,0,0,0,0,0,0,0,0,0,0,0,0,0,0,0,0,0,0,0,0,0,0,0,0,0,0,0,0,0,0,0,0,0,0,0,0,0,0,0,0,0,0,0,0,0,0,0,0,0,0,0,0,0,0,0,0,0,0,0,0,0,0,0,0,0,0,0,0,0,0,0,0,0,0,0,0,0,0,0,0,0,0,0,0,0,0,0,0,0,0,0,0,0,0,0,0,0,0,0,0,0,0,0,0,0,0,0
43,0,0,0,0,0,0,0,0,0,0,0,0,0,0,0,0,0,0,0,0,0,0,0,0,0,0,0,0,0,0,0,0,0,0,0,0,0,0,0,0,0,0,0,0,0,0,0,0,0,0,0,0,0,0,0,0,0,0,0,0,0,0,0,0,0,0,0,0,0,0,0,0,0,0,0,0,0,0,0,0,0,0,0,0,0,0,0,0,0,0,0,0,0,0,0,0,0,0,0,0,0,0,0,0,0,0,0,0,0,0,0,0,0,0,0,0,0,0,0,0,0,0,0,0,0,0,0,0,0,0,0,0,0,0,0,0,0,0,0,0,0,0,0,0,0,0,0,0,0,0,0,0,0,0,0,0,0,0,0,0,0,0,0,0,0,0,0,0,0,0,0,0,0,0,0,0,0,0,0
44,0,0,0,0,0,0,0,0,0,0,0,0,0,0,0,0,0,0,0,0,0,0,0,0,0,0,0,0,0,0,0,0,0,0,0,0,90,75,267,346,281,650,330,408,564,506,417,331,313,101,320,351,293,234,252,294,493,509,449,517,300,143,259,224,213,308,240,311,275,245,203,266,53,99,197,420,316,279,193,340,177,398,173,400,227,94,277,131,153,106,166,149,185,223,263,187,123,64,120,155,203,222,200,110,811,186,114,329,194,56,84,116,198,253,380,270,233,177,118,199,184,49,216,196,166,328,176,208,226,189,192,185,134,100,188,265,197,312,218,321,210,218,285,705,301,167,217,272,286,307,339,411,543,401,290,221,224,83,176,272,213,260,206,308,492,477,476,271,83,21,164,200,309,366,435,304,424,474,280
45,0,0,0,0,0,0,0,0,0,0,0,0,0,0,0,0,0,0,0,0,0,0,0,0,0,0,0,0,0,0,0,0,0,0,0,0,13,13,42,38,44,120,163,104,94,190,54,191,50,27,56,55,42,34,39,60,91,112,112,71,41,35,51,44,45,33,52,33,75,20,15,10,0,9,11,43,17,16,24,18,27,37,26,89,25,11,45,33,18,87,61,59,92,39,137,31,31,27,35,47,23,30,46,38,44,29,39,20,30,23,35,49,49,67,65,63,48,58,32,52,40,19,60,40,39,39,49,25,32,37,29,55,19,17,21,29,20,20,17,34,20,18,14,11,34,13,28,16,16,14,14,16,6,132,76,31,17,11,13,19,11,14,9,14,19,7,12,6,23,0,36,40,46,53,14,18,12,28,17
46,0,0,0,0,0,0,0,0,0,0,0,0,0,0,0,0,0,0,0,0,0,0,0,0,0,0,0,0,0,0,0,0,0,0,0,0,0,0,0,0,0,0,0,0,0,0,0,0,0,0,0,0,0,0,0,0,0,0,0,0,0,0,0,0,0,0,0,0,0,0,0,0,0,0,0,0,0,0,0,0,0,0,0,0,0,0,0,0,0,0,0,0,0,0,0,0,0,0,0,0,0,0,0,0,0,0,0,0,0,0,0,0,0,0,0,0,0,0,0,0,0,0,0,0,0,0,0,0,0,0,0,0,0,0,0,0,0,0,0,0,0,0,0,0,0,0,0,0,0,0,0,0,0,0,0,0,0,0,0,0,0,0,0,0,0,0,0,0,0,0,0,0,0,0,0,0,0,0,0
47,0,0,0,0,0,0,0,0,0,0,0,0,0,0,0,0,0,0,0,0,0,0,0,0,0,0,0,0,0,0,0,0,0,0,0,0,251,97,319,243,188,198,292,234,207,114,123,151,93,21,43,51,95,181,118,100,119,232,143,556,260,103,148,149,120,91,1333,221,738,125,105,240,54,64,66,142,94,86,138,120,219,131,102,126,210,88,148,1521,4512,2588,365,268,267,267,201,225,115,75,199,244,189,98,163,129,170,294,182,628,88,60,72,79,144,117,104,132,105,84,217,392,390,37,290,178,111,126,205,99,140,33,146,148,75,36,61,85,57,60,60,49,75,66,75,89,15,13,34,49,26,50,32,44,159,156,87,27,31,12,78,92,32,30,33,37,28,15,22,28,8,0,30,43,43,43,66,39,28,13,0
48,0,0,0,0,0,0,0,0,0,0,0,0,0,0,0,0,0,0,0,0,0,0,0,0,0,0,0,0,0,0,0,0,0,0,0,0,24,16,45,47,60,100,141,166,193,125,233,114,112,50,80,87,85,130,124,185,107,120,124,102,67,66,92,62,66,134,64,45,62,66,59,44,10,40,49,90,59,99,96,111,105,121,99,70,92,54,124,111,94,136,85,168,158,93,77,61,45,25,51,60,77,86,50,118,51,54,53,72,73,64,94,66,66,67,95,84,149,109,171,106,101,34,93,118,88,64,88,52,66,57,38,104,36,23,68,91,66,87,72,89,47,98,70,49,35,34,32,76,120,86,111,57,86,99,75,92,64,45,102,99,75,77,136,90,82,82,49,46,22,6,37,75,35,38,54,57,51,21,30
49,0,0,0,0,0,0,0,0,0,0,0,0,0,0,0,0,0,0,0,0,0,0,0,0,0,0,0,0,0,0,0,0,0,0,0,0,0,0,0,0,0,0,0,0,0,0,0,0,0,0,0,0,0,0,0,0,0,0,0,0,0,0,0,0,0,0,0,0,0,0,0,0,0,0,0,0,0,0,0,0,0,0,0,0,0,0,0,0,0,0,0,0,0,0,0,0,0,0,0,0,0,0,0,0,0,0,0,0,0,0,0,0,0,0,0,0,0,0,0,0,0,0,0,0,0,0,0,0,0,0,0,0,0,0,0,0,0,0,0,0,0,0,0,0,0,0,0,0,0,0,0,0,0,0,0,0,0,0,0,0,0,0,0,0,0,0,0,0,0,0,0,0,0,0,0,0,0,0,0
50,0,0,0,0,0,0,0,0,0,0,0,0,0,0,0,0,0,0,0,0,0,0,0,0,0,0,0,0,0,0,0,0,0,0,0,0,17,17,30,26,97,20,270,416,408,12,26,41,48,25,80,138,110,49,70,46,291,76,94,57,51,37,100,55,73,102,124,41,22,35,27,0,0,0,0,0,0,0,0,0,0,0,0,0,0,0,0,0,0,0,0,0,0,0,0,0,0,0,0,0,0,0,0,0,0,0,0,0,0,0,0,0,0,0,0,0,0,0,0,0,0,0,0,0,0,0,0,0,0,0,0,0,0,0,0,0,0,0,0,0,0,0,0,0,0,0,0,0,0,0,0,0,0,0,0,0,0,0,0,0,0,0,0,0,0,0,0,0,0,0,0,0,0,0,0,0,0,0,0
51,0,0,0,0,0,0,0,0,0,0,0,0,0,0,0,0,0,0,0,0,0,0,0,0,0,0,0,0,0,0,0,0,0,0,0,0,0,0,0,0,0,0,0,0,0,0,0,0,0,0,0,0,0,0,0,0,0,0,0,0,0,0,0,0,0,0,0,0,0,0,0,0,0,0,0,0,0,0,0,0,0,0,0,0,0,0,0,0,0,0,0,0,0,0,0,0,0,0,0,0,0,0,0,0,0,0,0,0,0,0,0,0,0,0,0,0,0,0,0,0,0,0,0,0,0,0,0,0,0,0,0,0,0,0,0,0,0,0,0,0,0,0,0,0,0,0,0,0,0,0,0,0,0,0,0,0,0,0,0,0,0,0,0,0,0,0,0,0,0,0,0,0,0,0,0,0,0,0,0
52,0,0,0,0,0,0,0,0,0,0,0,0,0,0,0,0,0,0,0,0,0,0,0,0,0,0,0,0,0,0,0,0,0,0,0,0,36,9,20,27,44,80,65,77,110,93,59,226,101,40,64,123,94,70,60,42,34,35,34,61,79,46,51,117,62,46,33,30,68,41,43,28,48,441,66,47,62,87,89,122,100,100,145,132,113,57,198,172,206,222,249,274,401,246,190,189,198,85,133,138,146,142,198,128,182,131,165,167,134,113,94,134,182,265,176,161,230,127,200,164,117,84,137,187,160,265,240,187,241,170,217,207,113,83,103,224,252,308,276,268,290,151,336,273,438,176,157,185,225,359,463,214,250,191,125,298,251,108,157,412,269,284,216,179,440,183,130,385,175,6,116,254,212,318,282,225,302,277,352
53,0,0,0,0,0,0,0,0,0,0,0,0,0,0,0,0,0,0,0,0,0,0,0,0,0,0,0,0,0,0,0,0,0,0,0,0,57,62,111,83,117,181,229,166,238,153,330,302,352,81,172,294,411,379,317,387,641,1043,600,408,307,138,265,332,583,258,318,611,444,299,82,159,26,333,114,195,121,114,120,148,231,168,171,169,195,81,287,206,162,138,156,616,323,114,151,139,57,90,160,244,241,239,351,256,161,167,213,204,148,66,95,157,455,215,247,243,198,221,298,234,145,122,246,371,248,252,191,190,243,211,149,159,133,138,137,183,525,475,402,300,301,195,155,157,181,94,604,575,380,410,234,454,202,380,612,348,576,170,956,670,2070,996,1612,622,1228,734,1936,422,326,0,0,0,0,0,0,0,0,0,0
54,0,0,0,0,0,0,0,0,0,0,0,0,0,0,0,0,0,0,0,0,0,0,0,0,0,0,0,0,0,0,0,0,0,0,0,0,0,0,0,0,0,0,0,0,0,0,0,0,0,0,0,0,0,0,0,0,0,0,0,0,0,0,0,0,0,0,0,0,0,0,0,0,0,0,0,0,0,0,0,0,0,0,0,0,0,0,0,0,0,0,0,0,0,0,0,0,0,0,0,0,0,0,0,0,0,0,0,0,0,0,0,0,0,0,0,0,0,0,0,0,0,0,0,0,0,0,0,0,0,0,0,0,0,0,0,0,0,0,0,0,0,0,0,0,0,0,0,0,0,0,0,0,0,0,0,0,0,0,0,0,0,0,0,0,0,0,0,0,0,0,0,0,0,0,0,0,0,0,0
55,0,0,0,0,0,0,0,0,0,0,0,0,0,0,0,0,0,0,0,0,0,0,0,0,0,0,0,0,0,0,0,0,0,0,0,0,89,51,114,90,74,63,115,109,101,75,163,1418,283,120,89,104,128,124,305,214,103,180,335,520,5,64,347,201,154,103,166,226,371,68,128,74,35,46,68,94,288,101,233,433,119,740,620,528,596,352,2180,1112,850,508,792,1115,788,1335,243,203,120,43,92,68,61,193,213,251,178,120,251,240,198,140,173,195,264,316,459,531,344,259,306,399,374,113,415,446,493,323,345,512,272,360,398,644,275,185,317,489,1560,0,571,2114,743,657,560,442,489,410,437,605,547,999,623,519,509,484,536,635,574,328,443,457,499,385,325,332,391,277,426,378,227,21,229,509,336,471,528,460,445,497,428
56,79,31,97,92,162,37,37,49,42,40,72,69,127,69,93,113,143,114,137,143,130,162,157,130,111,57,99,81,64,57,61,74,47,47,64,98,86,87,129,149,151,143,137,133,165,220,269,218,103,70,147,96,62,49,32,45,67,117,20,42,123,65,51,51,150,59,49,63,42,42,39,23,28,98,71,85,72,77,86,91,86,113,104,132,108,83,167,153,89,96,90,76,101,114,47,103,77,68,66,77,58,60,61,50,52,52,81,156,92,95,82,87,118,110,113,77,120,77,75,112,91,60,106,102,135,96,75,77,124,148,156,130,123,162,156,97,90,47,114,86,100,96,54,45,62,58,40,74,99,124,105,51,49,60,162,181,126,101,123,111,117,131,101,122,116,73,118,114,57,0,68,41,40,151,130,246,167,119,91
57,0,0,0,0,0,0,0,0,0,0,0,0,0,0,0,0,0,0,0,0,0,0,0,0,0,0,0,0,0,0,0,0,0,0,0,0,56,121,136,151,134,187,198,199,189,110,218,151,392,216,448,696,288,548,312,364,400,284,276,512,896,480,1056,1752,744,276,160,178,75,170,170,97,50,54,190,96,141,136,163,143,136,155,133,175,71,75,100,170,101,156,125,162,124,229,207,178,73,68,80,87,67,59,68,55,55,169,118,113,98,86,87,98,128,164,133,131,118,158,197,136,117,91,153,184,185,166,362,256,210,301,265,252,171,211,337,354,219,174,104,85,107,46,106,178,365,78,207,144,260,155,44,261,102,264,107,267,121,68,86,145,129,215,159,200,301,119,178,517,206,0,137,124,70,406,415,230,209,103,213
58,0,0,0,0,0,0,0,0,0,0,0,0,0,0,0,0,0,0,0,0,0,0,0,0,0,0,0,0,0,0,0,0,0,0,0,0,123,112,149,149,173,289,357,361,305,503,491,804,1778,198,366,514,212,168,195,238,450,565,426,453,462,250,203,216,262,268,277,293,438,660,1044,1220,708,1050,1844,1892,457,497,603,551,534,616,494,673,564,325,586,444,512,541,408,488,505,478,596,629,447,347,419,432,367,522,370,504,526,496,640,578,447,329,1356,1768,1677,611,2116,1880,2164,1040,2420,1708,1832,1168,1941,2400,570,2276,1680,1712,3732,3156,1632,2124,1784,1416,2028,4672,2212,3212,3412,699,955,1653,11424,2696,1680,1456,1233,654,1620,677,2673,2684,3344,2352,2116,2108,1820,1484,1876,634,645,895,617,559,738,515,568,453,494,120,395,730,756,898,1045,885,870,533,402
59,0,0,0,0,0,0,0,0,0,0,0,0,0,0,0,0,0,0,0,0,0,0,0,0,0,0,0,0,0,0,0,0,0,0,0,0,12,10,13,17,33,39,39,34,35,40,37,60,10,9,38,39,10,15,12,19,42,49,51,75,31,48,53,30,40,15,11,13,24,76,12,16,36,75,45,0,0,0,0,0,0,0,0,0,0,0,0,0,0,0,0,0,0,0,0,0,0,0,0,0,0,0,0,0,0,0,0,0,0,0,0,0,0,0,0,0,0,0,0,0,0,0,0,0,0,0,0,0,0,0,0,0,0,0,0,0,0,0,0,0,0,0,0,0,0,0,0,0,0,0,0,0,0,0,0,0,0,0,0,0,0,0,0,0,0,0,0,0,0,0,0,0,0,0,0,0,0,0,0
60,0,0,0,0,0,0,0,0,0,0,0,0,0,0,0,0,0,0,0,0,0,0,0,0,0,0,0,0,0,0,0,0,0,0,0,0,0,0,0,0,0,0,0,0,0,0,0,0,0,0,0,0,0,0,0,0,0,0,0,0,0,0,0,0,0,0,0,0,0,0,0,0,0,0,0,0,0,0,0,0,0,0,0,0,0,0,0,0,0,0,0,0,0,0,0,0,0,0,0,0,0,0,0,0,0,0,0,0,0,0,0,0,0,0,0,0,0,0,0,0,0,0,0,0,0,0,0,0,0,0,0,0,0,0,0,0,0,0,0,0,0,0,0,0,0,0,0,0,0,0,0,0,0,0,0,0,0,0,0,0,0,0,0,0,0,0,0,0,0,0,0,0,0,0,0,0,0,0,0
61,0,0,0,0,0,0,0,0,0,0,0,0,0,0,0,0,0,0,0,0,0,0,0,0,0,0,0,0,0,0,0,0,0,0,0,0,36,63,58,42,70,129,126,149,124,297,241,247,95,72,122,94,43,19,122,79,65,70,161,70,52,48,47,24,32,35,26,31,9,22,11,21,12,14,64,69,27,44,40,38,74,59,51,56,75,86,62,74,82,52,44,41,38,52,61,51,52,56,54,36,30,29,28,19,37,60,38,44,25,51,36,34,37,47,43,38,25,27,41,81,105,110,81,46,93,54,102,94,84,73,76,62,49,60,52,100,45,85,39,68,56,66,31,32,24,130,100,51,108,56,78,150,46,96,77,28,42,71,37,48,38,33,38,25,40,37,36,26,45,7,40,16,115,67,77,36,30,28,54
62,0,0,0,0,0,0,0,0,0,0,0,0,0,0,0,0,0,0,0,0,0,0,0,0,0,0,0,0,0,0,0,0,0,0,0,0,30,42,62,127,116,95,113,92,58,101,80,64,30,33,80,361,59,37,60,85,68,70,68,91,87,47,49,48,132,29,120,204,236,168,228,332,216,260,356,468,516,157,146,114,120,106,89,85,73,76,96,66,46,38,43,53,62,55,65,164,53,69,51,64,41,47,42,85,56,52,51,80,48,86,81,57,62,73,70,71,42,52,77,87,83,73,109,147,173,142,163,212,221,75,46,120,59,54,38,50,74,42,62,42,66,58,139,87,65,189,205,131,152,149,209,224,192,300,612,384,188,100,60,92,133,221,219,168,175,122,180,171,83,6,129,164,239,270,277,301,241,230,221
63,0,0,0,0,0,0,0,0,0,0,0,0,0,0,0,0,0,0,0,0,0,0,0,0,0,0,0,0,0,0,0,0,0,0,0,0,15,5,14,14,39,116,74,96,128,65,53,50,47,9,20,24,5,21,13,20,31,55,30,51,55,171,72,26,25,36,22,142,147,64,14,3,6,5,12,21,31,29,45,85,81,86,107,77,124,26,56,30,32,138,423,332,143,128,151,86,77,57,45,38,120,70,77,82,43,50,60,48,42,26,35,43,98,84,62,122,114,53,89,81,57,10,86,75,66,58,45,35,48,63,49,36,35,29,76,209,48,56,19,19,26,36,14,26,56,15,67,44,81,43,14,8,14,7,8,13,16,11,21,42,47,32,106,32,31,21,91,9,8,1,9,4,39,74,133,56,75,58,40
64,0,0,0,0,0,0,0,0,0,0,0,0,0,0,0,0,0,0,0,0,0,0,0,0,0,0,0,0,0,0,0,0,0,0,0,0,26,23,38,141,194,169,130,123,63,125,139,100,62,24,42,110,23,36,25,29,87,339,141,271,151,58,90,73,58,77,77,61,37,34,15,27,9,31,32,146,204,127,111,92,90,114,103,171,141,54,163,100,246,199,80,71,68,261,84,67,116,45,70,62,53,45,46,46,90,88,70,121,93,60,95,174,170,111,113,48,96,83,90,94,73,58,64,86,61,61,22,35,73,54,49,62,35,29,62,75,65,36,108,120,62,74,74,66,109,27,41,25,41,10,143,83,16,33,23,58,105,130,161,199,97,200,51,79,71,63,85,208,139,23,108,209,278,362,361,209,261,155,131
65,0,0,0,0,0,0,0,0,0,0,0,0,0,0,0,0,0,0,0,0,0,0,0,0,0,0,0,0,0,0,0,0,0,0,0,0,58,112,170,172,233,523,276,209,115,188,198,237,176,95,189,360,86,47,46,87,75,110,124,150,138,129,74,56,53,316,82,172,96,55,45,52,15,48,103,70,49,252,51,30,85,39,34,94,48,75,140,93,146,253,127,30,122,88,64,120,53,43,54,61,31,29,32,36,48,52,61,39,38,29,60,43,55,48,53,43,39,42,40,62,54,59,101,118,125,102,81,84,96,148,157,113,68,151,86,90,114,233,121,162,211,128,56,63,78,139,219,199,157,123,146,165,67,196,84,78,50,26,47,76,66,35,29,17,48,21,17,55,110,8,18,27,154,194,108,167,83,46,69
66,0,0,0,0,0,0,0,0,0,0,0,0,0,0,0,0,0,0,0,0,0,0,0,0,0,0,0,0,0,0,0,0,0,0,0,0,0,0,0,0,0,0,0,0,0,0,0,0,0,0,0,0,0,0,0,0,0,0,0,0,0,0,0,0,0,0,0,0,0,0,0,0,0,0,0,0,0,0,0,0,0,0,0,0,0,0,0,0,0,0,0,0,0,0,0,0,0,0,0,0,0,0,0,0,0,0,0,0,0,0,0,0,0,0,0,0,0,0,0,0,0,0,0,0,0,0,0,0,0,0,0,0,0,0,0,0,0,0,0,0,0,0,0,0,0,0,0,0,0,0,0,0,0,0,0,0,0,0,0,0,0,0,0,0,0,0,0,0,0,0,0,0,0,0,0,0,0,0,0
67,0,0,0,0,0,0,0,0,0,0,0,0,0,0,0,0,0,0,0,0,0,0,0,0,0,0,0,0,0,0,0,0,0,0,0,0,0,0,0,0,0,0,12,20,28,18,50,28,18,25,64,70,29,8,23,26,16,43,49,28,64,26,39,51,39,100,304,144,44,48,56,112,24,19,168,128,176,124,144,232,256,248,264,61,260,116,296,228,392,236,164,43,54,58,55,52,39,51,73,72,46,41,44,38,391,475,305,354,321,249,108,104,153,142,121,106,116,95,80,89,82,95,122,369,354,80,70,111,138,128,120,143,68,123,90,80,94,85,36,34,45,48,60,124,100,176,289,181,179,136,224,275,125,109,90,74,50,50,85,113,91,244,176,169,118,118,234,53,51,7,37,40,39,39,69,63,50,50,47
68,0,0,0,0,0,0,0,0,0,0,0,0,0,0,0,0,0,0,0,0,0,0,0,0,0,0,0,0,0,0,0,0,0,0,0,0,37,20,20,41,97,235,57,106,68,234,567,118,173,23,238,287,234,103,63,78,97,149,249,71,74,40,46,74,130,59,33,79,71,71,39,182,27,28,60,53,35,47,48,28,17,28,59,30,26,9,11,48,25,9,57,41,88,51,24,34,8,22,31,47,65,47,21,59,29,40,40,35,91,23,61,41,54,47,75,44,29,34,55,78,33,45,35,164,25,21,25,14,26,29,32,266,160,87,101,64,77,64,76,434,85,67,74,270,174,49,93,74,112,116,30,36,18,16,18,372,128,21,196,105,47,51,85,80,169,70,81,86,33,0,27,49,41,64,63,54,41,53,22
69,0,0,0,0,0,0,0,0,0,0,0,0,0,0,0,0,0,0,0,0,0,0,0,0,0,0,0,0,0,0,0,0,0,0,0,0,142,221,490,645,405,494,785,472,409,404,478,519,268,131,244,303,593,266,73,252,143,173,225,145,243,85,328,95,244,205,524,481,112,96,78,47,37,99,186,99,30,147,171,280,178,219,318,260,293,239,379,334,268,189,323,232,304,273,296,233,228,191,199,165,156,164,112,159,128,130,204,193,175,73,145,114,164,150,118,142,148,136,220,167,669,244,277,594,735,221,172,123,324,268,293,1239,346,163,636,259,242,381,90,123,111,102,143,254,208,59,68,106,124,143,67,63,83,74,150,165,92,61,68,67,83,120,116,44,114,81,93,57,93,38,41,24,233,162,121,74,59,75,60
70,0,0,0,0,0,0,0,0,0,0,0,0,0,0,0,0,0,0,0,0,0,0,0,0,0,0,0,0,0,0,0,0,0,0,0,0,43,42,65,59,36,48,32,68,121,48,307,294,32,13,40,13,81,113,63,82,64,44,37,51,42,15,39,46,116,62,57,86,32,36,33,22,20,46,52,31,22,28,23,69,35,95,81,69,51,18,58,62,53,41,41,27,53,52,42,28,33,14,30,46,53,34,60,64,162,105,125,91,52,36,48,91,104,50,77,69,37,31,102,98,73,36,177,104,69,50,85,105,94,249,125,272,120,122,120,180,198,60,113,91,107,87,76,121,67,51,78,119,116,92,111,88,103,74,143,113,71,35,83,85,56,79,146,100,55,52,84,115,93,0,61,65,89,111,135,147,125,69,85
71,0,0,0,0,0,0,0,0,0,0,0,0,0,0,0,0,0,0,0,0,0,0,0,0,0,0,0,0,0,0,0,0,0,0,0,0,27,44,108,152,132,115,137,161,117,110,141,181,108,23,50,98,56,36,30,41,58,66,109,51,111,44,100,83,69,80,65,73,43,35,28,64,32,39,36,59,39,306,260,167,220,174,200,119,128,29,96,67,55,49,41,71,88,77,64,80,137,74,47,47,38,40,90,42,28,43,61,76,206,28,34,35,37,48,47,63,77,84,68,67,58,84,89,81,153,108,99,107,374,274,191,71,138,98,102,216,129,116,99,177,167,160,299,303,159,148,169,187,230,311,247,130,83,79,121,122,125,107,108,100,94,125,100,121,128,93,142,135,91,0,8,137,184,111,117,172,136,136,192
72,0,0,0,0,0,0,0,0,0,0,0,0,0,0,0,0,0,0,0,0,0,0,0,0,0,0,0,0,0,0,0,0,0,0,0,0,0,1,3,20,31,35,56,42,111,27,46,81,221,52,73,156,161,69,71,89,76,152,55,98,62,59,128,79,104,147,160,112,137,62,190,160,26,58,85,60,55,94,47,84,42,52,42,52,60,23,48,0,0,0,0,0,0,0,0,0,0,0,0,0,0,0,0,0,0,0,0,0,0,0,0,0,0,0,0,0,0,0,0,0,0,0,0,0,0,0,0,0,0,0,0,0,0,0,0,0,0,0,0,0,0,0,0,0,0,0,0,0,0,0,0,0,0,0,0,0,0,0,0,0,0,0,0,0,0,0,0,0,0,0,0,0,0,0,0,0,0,0,0
73,0,0,0,0,0,0,0,0,0,0,0,0,0,0,0,0,0,0,0,0,0,0,0,0,0,0,0,0,0,0,0,0,0,0,0,0,132,51,68,156,217,191,190,197,210,136,287,209,143,36,142,130,73,90,56,46,54,74,100,74,65,25,70,42,86,78,127,193,240,150,103,137,96,54,387,268,117,112,154,132,203,151,517,120,176,123,219,137,162,142,128,144,217,698,166,186,165,97,114,92,187,198,158,99,122,358,88,233,102,326,120,152,166,213,221,225,189,182,351,198,202,102,166,239,263,217,187,162,184,209,464,148,113,86,143,267,184,214,247,637,437,278,326,248,214,250,270,295,454,434,444,276,313,197,276,167,147,161,225,256,205,480,134,223,270,209,212,342,460,150,318,312,511,286,252,240,253,159,425
74,0,0,0,0,0,0,0,0,0,0,0,0,0,0,0,0,0,0,0,0,0,0,0,0,0,0,0,0,0,0,0,0,0,0,0,0,66,47,62,97,106,117,154,120,134,170,118,120,79,50,86,100,59,47,87,89,50,96,100,85,61,35,58,49,31,112,44,29,48,229,73,24,19,23,42,44,64,48,74,62,82,138,65,71,54,35,48,37,34,22,23,24,95,70,63,54,22,12,47,21,38,29,139,33,59,52,75,111,30,137,47,39,53,87,81,102,121,66,42,63,46,45,59,58,45,93,85,80,50,98,105,106,35,67,57,64,52,146,65,73,60,158,56,90,58,84,38,81,67,83,77,88,74,92,90,48,32,54,52,131,84,71,102,115,71,100,70,122,67,8,78,108,92,113,119,87,76,154,111
75,0,0,0,0,0,0,0,0,0,0,0,0,0,0,0,0,0,0,0,0,0,0,0,0,0,0,0,0,0,0,0,0,0,0,0,0,0,0,0,0,0,135,79,203,136,158,129,1086,24,36,71,79,84,55,81,78,89,57,199,118,147,45,39,70,38,22,33,147,535,33,27,52,55,21,19,17,48,24,32,32,19,97,51,122,73,44,47,35,26,32,56,36,29,71,23,59,31,21,17,24,18,45,59,28,24,106,63,104,58,52,49,43,59,30,189,133,71,67,62,48,81,149,71,112,116,61,61,44,246,57,63,75,52,49,87,174,154,78,173,67,67,247,197,144,271,109,80,151,112,151,193,103,272,239,247,196,482,71,71,1148,51,108,84,77,141,140,268,275,165,19,130,183,150,145,144,98,119,91,76
76,0,0,0,0,0,0,0,0,0,0,0,0,0,0,0,0,0,0,0,0,0,0,0,0,0,0,0,0,0,0,0,0,0,0,0,0,669,764,1363,910,1211,1224,890,406,703,796,698,796,559,175,604,496,286,319,375,579,999,688,874,584,780,150,809,241,388,363,271,339,383,519,463,340,191,541,849,276,853,883,506,364,467,540,524,677,704,280,617,447,755,566,410,591,795,724,889,724,477,331,576,406,1270,600,653,1210,792,1008,724,1020,411,341,513,544,935,878,711,701,615,714,750,814,750,410,1062,968,790,867,1089,824,1369,1109,802,587,564,388,868,671,481,784,466,329,323,363,433,412,534,318,344,544,292,370,333,424,349,508,908,556,507,203,497,505,448,539,446,319,444,348,374,416,301,36,218,289,342,418,365,402,392,441,481
77,0,0,0,0,0,0,0,0,0,0,0,0,0,0,0,0,0,0,0,0,0,0,0,0,0,0,0,0,0,0,0,0,0,0,0,0,134,52,70,100,100,220,138,140,106,98,127,73,89,117,104,107,60,60,74,91,70,62,189,148,138,69,119,42,30,39,26,74,55,27,31,12,4,21,38,34,20,32,28,29,18,25,46,79,90,37,94,72,64,61,71,42,36,37,61,107,98,11,22,49,86,48,41,36,105,69,52,58,40,21,35,50,91,148,257,279,335,190,165,187,177,105,174,209,210,245,365,265,294,195,376,263,264,303,304,518,599,643,705,621,453,286,422,354,267,300,254,244,198,237,183,120,138,111,166,109,127,80,166,186,130,152,204,172,113,62,112,162,122,72,199,196,275,239,217,184,170,168,212
78,0,0,0,0,0,0,0,0,0,0,0,0,0,0,0,0,0,0,0,0,0,0,0,0,0,0,0,0,0,0,0,0,0,0,0,0,472,498,603,745,789,590,531,463,452,456,685,683,974,402,702,534,305,237,275,448,529,634,514,604,481,265,570,521,621,383,533,816,405,1684,1032,1172,472,291,303,250,403,693,392,349,424,495,486,539,562,322,670,474,560,392,386,699,562,626,440,483,296,179,335,326,504,643,434,490,487,717,632,805,598,358,442,665,703,680,567,496,505,518,635,837,1086,478,898,846,522,431,367,378,363,415,283,291,219,177,304,35,45,209,157,110,96,86,169,202,261,42,127,92,140,246,315,381,400,295,932,784,382,156,218,279,333,390,93,339,306,161,251,285,150,19,141,182,167,208,227,236,246,208,246
79,0,0,0,0,0,0,0,0,0,0,0,0,0,0,0,0,0,0,0,0,0,0,0,0,0,0,0,0,0,0,0,0,0,0,0,0,155,245,425,394,490,456,413,514,417,380,535,574,403,112,310,509,281,206,212,237,353,434,339,316,321,150,229,247,225,194,308,401,272,153,176,212,209,172,337,321,431,382,313,365,324,251,317,346,331,194,388,243,260,324,236,328,275,304,350,211,191,120,152,196,179,165,135,186,193,266,215,381,190,99,145,237,309,322,291,279,268,286,411,400,382,150,415,416,445,319,405,363,382,486,100,93,138,90,262,340,264,152,127,243,383,199,178,161,128,56,76,82,82,119,74,80,91,55,204,246,139,42,71,98,175,111,94,146,134,108,115,181,115,24,83,91,103,154,177,289,232,108,226
80,0,0,0,0,0,0,0,0,0,0,0,0,0,0,0,0,0,0,0,0,0,0,0,0,0,0,0,0,0,0,0,0,0,0,0,0,54,87,162,123,216,389,421,280,195,150,216,266,192,64,80,151,147,127,124,153,95,227,137,85,145,140,339,137,161,209,165,126,155,89,77,49,25,91,119,74,109,97,135,88,104,85,132,101,128,74,112,95,82,75,261,90,120,148,60,96,50,47,103,60,95,67,50,59,42,155,83,109,37,35,71,53,159,64,76,66,77,51,135,61,52,44,97,117,65,134,148,76,86,162,100,183,189,66,121,287,216,275,62,87,37,79,31,46,26,18,28,29,70,48,22,22,43,44,44,22,10,9,11,23,19,29,68,41,25,26,49,55,40,10,54,40,54,82,25,21,21,29,22
81,0,0,0,0,0,0,0,0,0,0,0,0,0,0,0,0,0,0,0,0,0,0,0,0,0,0,0,0,0,0,0,0,0,0,0,0,26,42,53,109,90,84,104,112,134,135,173,101,99,30,61,43,31,26,14,35,34,35,26,46,112,46,57,38,62,35,55,42,25,15,13,6,1,10,18,30,24,22,20,10,10,27,19,20,13,35,73,45,87,55,63,47,46,61,37,33,24,27,31,35,32,21,76,30,21,25,45,44,47,32,38,31,80,68,38,52,38,25,38,54,31,18,33,37,50,15,18,15,14,17,11,5,16,10,10,12,18,164,203,174,323,353,118,313,195,107,55,64,50,49,46,55,21,38,49,34,19,61,16,51,63,99,56,63,68,88,75,120,127,30,124,92,95,140,115,89,169,124,137
82,0,0,0,0,0,0,0,0,0,0,0,0,0,0,0,0,0,0,0,0,0,0,0,0,0,0,0,0,0,0,0,0,0,0,0,0,89,251,132,174,216,202,318,232,224,507,352,400,393,144,266,224,138,120,120,240,261,444,280,229,294,171,216,231,271,126,142,150,73,145,61,69,51,3,94,64,77,86,63,44,53,115,125,94,83,77,130,118,131,80,113,109,128,281,122,49,94,82,85,83,59,35,56,51,43,75,207,3,42,70,80,114,301,228,146,84,96,152,147,104,89,101,83,137,143,170,76,195,195,163,100,91,84,71,56,176,1308,792,512,320,872,316,276,596,544,824,960,772,1095,620,700,864,556,712,412,352,252,300,288,484,472,392,264,488,292,384,316,448,284,21,101,212,504,268,200,500,436,216,129
83,0,0,0,0,0,0,0,0,0,0,0,0,0,0,0,0,0,0,0,0,0,0,0,0,0,0,0,0,0,0,0,0,0,0,0,0,2,20,21,20,56,65,49,65,74,103,102,129,76,49,113,103,24,59,33,32,94,39,80,60,39,31,36,8,24,21,25,19,7,17,9,9,10,11,30,19,34,21,42,57,34,47,47,58,18,24,42,34,69,37,42,40,32,44,201,96,41,36,37,78,35,23,27,62,18,31,39,129,11,26,12,43,47,47,48,42,36,34,32,75,29,17,50,52,52,56,133,51,84,113,77,342,60,68,65,39,70,94,96,88,51,83,75,54,27,19,18,29,43,36,26,23,21,45,37,11,24,12,17,23,59,64,40,41,46,30,32,30,55,0,38,65,47,99,19,12,31,20,24
84,0,0,0,0,0,0,0,0,0,0,0,0,0,0,0,0,0,0,0,0,0,0,0,0,0,0,0,0,0,0,0,0,0,0,0,0,0,0,0,0,0,0,0,0,0,0,0,0,0,0,0,0,0,0,0,0,0,0,0,0,0,0,0,0,0,0,0,0,0,0,0,0,0,0,0,0,0,0,0,0,0,0,0,0,0,0,0,0,0,0,0,0,0,0,0,0,0,0,0,0,0,0,0,0,0,0,0,0,0,0,0,0,0,0,0,0,0,0,0,0,0,0,0,0,0,0,0,0,0,0,0,0,0,0,0,0,0,0,0,0,0,0,0,0,0,0,0,0,0,0,0,0,0,0,0,0,0,0,0,0,0,0,0,0,0,0,0,0,0,0,0,0,0,0,0,0,0,0,0
85,0,0,0,0,0,0,0,0,0,0,0,0,0,0,0,0,0,0,0,0,0,0,0,0,0,0,0,0,0,0,0,0,0,0,0,0,37,56,104,86,114,153,167,86,96,96,177,323,170,44,130,164,69,56,45,45,61,33,79,56,38,29,11,45,48,60,32,44,70,44,68,96,9,11,15,18,10,32,21,45,87,51,51,39,40,4,34,92,33,33,21,12,15,11,25,10,1,7,46,21,26,33,65,29,26,42,85,78,92,20,100,128,66,78,74,124,69,54,45,93,38,17,63,44,50,52,44,69,88,62,77,91,93,65,88,95,176,100,145,354,402,150,195,303,245,181,321,202,125,96,108,142,350,277,365,316,184,55,341,450,102,126,55,137,151,59,93,98,51,12,60,92,63,57,107,122,159,96,112
86,0,0,0,0,0,0,0,0,0,0,0,0,0,0,0,0,0,0,0,0,0,0,0,0,0,0,0,0,0,0,0,0,0,0,0,0,59,44,110,89,66,102,122,122,95,91,80,112,72,33,83,109,48,72,37,134,49,66,96,78,51,136,43,31,68,123,92,35,17,24,11,9,31,17,11,13,3,0,0,0,0,0,0,0,0,0,0,0,0,0,0,0,0,0,0,0,0,0,0,0,0,0,0,0,0,0,0,0,0,0,0,0,0,0,0,0,0,0,0,0,0,0,0,0,0,0,0,0,0,0,0,0,0,0,0,0,0,0,0,0,0,0,0,0,0,0,0,0,0,0,0,0,0,0,0,0,0,0,0,0,0,0,0,0,0,0,0,0,0,0,0,0,0,0,0,0,0,0,0
87,0,0,0,0,0,0,0,0,0,0,0,0,0,0,0,0,0,0,0,0,0,0,0,0,0,0,0,0,0,0,0,0,0,0,0,0,0,0,0,0,0,0,0,0,0,0,0,0,0,0,0,0,0,0,0,0,0,0,0,0,0,0,0,0,0,0,0,0,0,0,0,0,0,0,0,0,0,0,0,0,0,0,0,0,0,0,0,0,0,0,0,0,0,0,0,0,0,0,0,0,0,0,0,0,0,0,0,0,0,0,0,0,0,0,0,0,0,0,0,0,0,0,0,0,0,0,0,0,0,0,0,0,0,0,0,0,0,0,0,0,0,0,0,0,0,0,0,0,0,0,0,0,0,0,0,0,0,0,0,0,0,0,0,0,0,0,0,0,0,0,0,0,0,0,0,0,0,0,0
88,0,0,0,0,0,0,0,0,0,0,0,0,0,0,0,0,0,0,0,0,0,0,0,0,0,0,0,0,0,0,0,0,0,0,0,0,10,26,40,29,31,41,39,21,17,15,43,76,48,29,49,38,43,14,35,30,87,20,41,30,32,43,53,252,164,184,29,83,23,12,3,13,15,44,17,16,24,20,27,13,29,28,37,8,13,13,9,14,10,6,24,3,7,18,41,12,4,1,5,1,3,13,1,6,7,5,8,8,71,5,4,1,3,9,4,5,14,21,23,21,49,34,44,75,20,16,6,13,13,24,22,24,9,24,12,38,64,7,12,8,0,0,0,0,0,0,0,0,0,0,0,0,0,0,0,0,0,0,0,0,0,0,0,0,0,0,0,0,0,0,0,0,0,0,0,0,0,0,0
89,0,0,0,0,0,0,0,0,0,0,0,0,0,0,0,0,0,0,0,0,0,0,0,0,0,0,0,0,0,0,0,0,0,0,0,0,0,0,6,28,48,55,65,51,61,58,59,37,71,36,126,124,64,97,93,84,190,92,102,63,158,62,92,39,69,97,68,71,53,72,106,40,7,79,39,18,22,28,90,148,95,72,55,92,165,45,146,81,283,214,252,96,148,119,58,83,55,45,144,70,76,61,44,67,52,79,64,54,48,51,71,89,68,76,76,54,103,80,54,59,65,35,56,80,93,37,57,56,51,42,29,41,91,68,59,104,83,120,82,181,263,72,66,84,130,168,103,135,134,110,111,161,92,42,72,44,132,51,91,99,73,96,150,198,130,84,167,240,129,17,115,232,150,141,167,174,208,133,162
90,0,0,0,0,0,0,0,0,0,0,0,0,0,0,0,0,0,0,0,0,0,0,0,0,0,0,0,0,0,0,0,0,0,0,0,0,0,0,0,0,3,7,12,24,0,0,0,46,36,26,104,79,66,101,83,56,36,47,90,58,262,53,66,138,51,133,44,79,86,51,59,32,38,92,35,30,54,76,82,70,54,51,77,72,66,57,126,81,66,57,82,75,47,45,41,75,44,19,33,33,33,17,61,10,83,24,64,37,132,72,30,64,37,45,89,115,56,48,42,51,46,24,36,42,87,47,64,66,88,45,91,76,76,70,89,48,71,60,68,111,131,205,107,127,130,74,150,125,121,83,69,59,68,244,107,108,100,84,74,118,135,169,83,104,124,148,109,127,126,32,142,210,284,314,195,197,136,197,102
