1,2458,2067,3988,4491,3386,4277,4160,3456,4697,3844,4131,4036,2643,1424,2376,3211,3143,3441,4092,3295,3774,2658,3397,3212,2281,968,2219,1825,4666,3148,1564,944,1110,1541,3421,3105,2814,2460,5051,6264,5317,5032,4807,5408,3940,4380,5617,5802,3230,2149,3463,3455,1282,1182,1946,1618,4597,2078,1839,5000,2593,1358,1345,1532,2601,2461,1655,1527,1564,1280,1098,1648,451,774,1983,1763,2591,3004,3340,2222,2872,3133,2274,4449,3244,1289,3441,1634,1444,3072,1859,3609,3139,1448,728,1377,1638,284,2230,1915,1667,954,2465,3995,1334,4127,4666,5367,3181,1945,1508,3158,1965,2668,6542,2886,2785,3562,1706,4090,1301,714,817,996,941,874,1697,3331,756,595,1655,1938,418,631,528,750,743,634,343,165,287,626,160,1945,1059,712,692,763,1660,893,949,1123,1569,760,3034,2203,1666,1186,2348,1611,6833,4617,3408,2695,1676,2267,2595,1708,2273,688,1144,2018,2410,2408,2700,4036,3741,2648,6111
2,593,402,876,1079,1576,1045,649,745,1093,925,1074,1146,944,726,749,943,1452,1616,1472,2319,2220,1687,1797,1562,1236,728,1483,1691,1597,1777,1420,943,1259,1055,1617,1508,1407,1421,2781,3659,2794,3659,2682,4651,4928,3831,4682,4540,2992,1699,2270,3046,2176,1538,1554,2019,2550,3709,2677,4496,2658,3178,2151,1538,2038,2344,2598,3045,2442,2139,1417,2062,947,965,2259,2144,2057,2344,2486,2378,2154,1844,2313,2198,2443,1356,3314,3115,2889,2479,2196,2844,2987,3189,3767,2726,2900,2147,1835,2778,6222,2361,1152,1383,1414,1586,2244,2222,1731,1026,1503,2258,2473,2684,2698,3023,2673,3022,3013,2697,2685,1551,4942,6471,4614,3880,4140,5085,5181,3903,3795,2647,1989,1358,2378,2349,2452,2831,2324,2110,2484,1832,2007,2146,1106,516,988,1122,1331,3860,2234,2599,2015,1512,2431,2688,2300,1066,2111,2130,2000,2424,1954,2503,2406,2567,2730,3020,2092,153,1073,2508,2800,2907,2217,2370,2674,2530,2761
3,75,86,37,145,18,89,205,102,50,227,138,259,204,202,173,390,254,281,241,246,422,297,557,253,237,167,243,128,180,129,101,150,189,113,219,366,227,339,605,723,815,1397,1260,1420,1631,1170,877,2478,416,431,1277,1028,669,629,1082,1652,1615,787,873,604,1119,1750,726,941,917,809,369,345,387,516,369,404,260,335,834,640,671,1066,1088,1333,1081,934,694,613,484,188,528,615,567,578,1129,969,558,462,455,375,256,177,279,392,507,1026,1504,1334,1088,1508,2029,2063,1348,707,1228,1296,1854,1482,1025,1019,1413,1059,948,923,1745,957,1892,1967,1227,1960,1031,809,726,996,832,490,307,192,597,796,939,985,1361,1175,1818,1396,1271,10379,482,426,445,457,543,738,772,785,552,717,518,850,917,574,681,707,809,1128,967,1707,1406,844,833,950,1515,255,482,798,1172,882,1052,965,1136,951,934
4,302,36,116,181,317,446,189,399,251,153,159,173,445,115,197,371,137,107,242,238,428,196,194,191,144,109,137,325,501,385,285,326,484,185,657,928,470,277,422,453,454,465,507,374,402,347,561,719,712,235,739,858,275,371,397,284,263,328,542,780,289,96,488,388,427,653,412,472,426,361,204,354,209,366,517,450,530,571,560,630,637,446,566,507,594,208,687,493,1384,709,931,699,712,581,606,523,563,259,575,894,815,817,907,1697,1138,715,587,527,425,387,110,925,226,700,660,524,865,895,1173,686,1114,394,832,868,1199,1112,1018,941,1240,1275,1593,3015,891,1692,1075,1046,833,954,746,925,862,758,617,595,787,540,175,804,746,1349,937,1573,1919,1451,1383,1123,822,449,907,1132,1353,1493,744,927,792,846,851,620,743,68,419,674,907,1096,729,832,979,894,1117
5,0,0,0,0,0,0,0,0,0,0,0,0,0,0,0,0,0,0,0,0,0,0,0,0,0,0,0,0,0,0,0,0,0,0,0,0,0,0,0,0,0,0,0,0,0,0,0,0,0,0,0,0,0,0,0,0,0,0,0,0,0,0,0,0,0,0,0,0,0,0,0,0,0,0,0,0,0,0,0,0,0,0,0,0,0,0,0,0,0,0,0,0,0,0,0,0,0,0,0,0,0,0,0,0,0,0,0,0,0,0,0,0,0,0,0,0,0,0,0,0,0,0,0,0,0,0,0,0,0,0,0,0,0,0,0,0,0,0,0,0,0,0,0,0,0,0,0,0,0,0,0,0,0,0,0,0,0,0,0,0,0,0,0,0,0,0,0,0,0,0,0,0,0,0,0,0,0,0,0
6,546,805,1285,7117,2310,2609,4123,2013,8610,3447,6187,3967,3712,1613,2244,8286,2721,4800,2954,4796,10727,4890,7852,5830,5049,1657,3994,4839,4866,4780,5543,3958,9011,3332,3598,5109,1346,1779,5468,4669,4261,7780,6134,5947,9128,5229,4936,4809,1545,2341,2938,4085,4443,4727,6158,7388,7987,10817,9766,6659,7665,7076,7106,4757,4937,6450,6199,8496,6852,8425,7707,4900,2704,2678,4161,4715,5777,5719,4519,7528,5090,6931,6457,6841,3556,2486,7387,8288,5914,5840,7107,7377,9170,8343,7870,7311,4962,3053,4724,4909,4903,3849,4077,4639,4485,5121,8002,7205,5980,3365,4078,6138,5515,5383,4593,6417,5945,6337,7938,9918,5621,2385,6235,8220,5673,6943,5117,5667,8682,7838,8602,7438,3362,4155,6108,8302,17070,6723,6301,5593,6333,5286,6157,6146,4271,2725,3913,7147,4961,5875,6770,4623,3987,3159,5231,5246,3262,1904,4391,5277,4527,4921,5623,5588,5361,4005,5282,4936,2695,332,2951,2919,7810,3890,3600,4005,1816,2059,1813
7,921,866,1126,836,835,1125,739,577,612,467,1024,1801,632,377,484,930,874,594,956,1153,1843,1808,1540,780,956,668,950,847,1031,985,1393,819,730,546,410,522,656,172,708,864,1850,2491,2672,3316,2781,1003,4056,2646,1623,478,1533,2228,1231,806,525,974,988,1825,1334,1341,390,707,1753,211,1221,609,1023,621,446,547,562,293,232,158,522,371,775,686,799,878,702,878,1672,1109,839,268,812,861,1019,918,751,669,621,622,753,908,564,285,534,381,477,712,712,414,390,503,923,1085,603,317,520,509,829,813,774,966,521,686,1341,1903,588,233,650,923,587,685,583,507,502,463,897,653,288,235,616,925,798,603,554,661,603,442,432,503,522,262,686,838,682,429,317,184,216,197,204,87,103,79,299,299,406,388,273,138,105,158,239,361,68,0,138,129,133,263,660,279,463,397,373
8,293,404,728,466,784,941,521,1182,1401,1630,1253,795,1236,362,865,830,980,2263,2075,2265,1584,2346,1720,1212,1264,487,1136,1364,2186,2623,3555,2522,2335,2192,2286,1830,1060,1270,3143,2828,3614,3555,3767,2997,3281,2558,3837,2823,1456,1070,2526,2037,1360,2282,3130,3120,2539,3005,3713,3153,1642,697,1656,3412,2700,2173,2693,2841,2510,2532,2296,1612,750,1210,2044,1679,2479,2542,3445,2989,3164,2471,3384,2729,2617,1329,3754,3316,2882,2401,2774,2990,3086,3233,3818,3526,2284,1931,3235,2990,2873,2445,2690,2796,2544,2403,3081,3294,2703,1122,2010,2858,2940,3321,3122,2856,2937,2517,3094,2650,1873,951,2751,3040,2600,2432,2408,2649,3753,3502,3299,2873,1661,1361,2703,2840,2928,3002,3171,3055,3130,2323,2428,2075,2129,1613,2316,2685,2129,2368,2471,2290,3034,2244,2523,3106,2143,1145,1614,1646,1922,2582,2569,2568,2678,1979,2237,1813,1284,199,1376,1485,1299,2191,1981,2137,2370,2171,1739
9,130,541,457,468,493,401,276,369,480,988,886,744,685,377,457,923,1475,877,1467,1296,1624,1888,1589,1456,506,252,708,682,1101,631,764,867,1341,427,940,796,264,621,746,901,1153,1646,2048,698,1292,1083,957,2402,482,695,1190,1566,428,3768,1069,923,930,1143,1947,2043,1786,7545,569,807,1109,976,2354,1861,1722,1452,1473,1861,584,1231,923,739,1145,1430,2424,1374,1749,3643,3077,1470,1729,696,2104,2089,1504,1590,1401,2802,1457,2578,1745,2834,1713,563,1955,1456,1417,1428,1832,1438,1692,1726,1862,1955,1234,813,1176,1800,2439,2143,2205,1803,1963,1802,1892,1491,1270,1504,1848,2848,2231,2231,4076,2299,2324,2267,2624,2903,1498,1784,2514,2663,2127,4064,2221,2212,3486,2431,2698,1918,1746,1385,1153,1673,1247,1688,1311,1580,3223,1857,2958,1748,1267,1018,1735,1698,1467,1435,1468,2707,2997,3058,3765,1772,945,0,668,1057,1094,1168,1725,1823,2064,1831,2246
10,659,676,1839,2627,2669,1667,1661,1965,1844,2064,1785,1953,1819,1065,1666,2533,3067,4027,3311,4275,4664,6052,5877,3783,4026,2152,4983,4306,3992,3783,2697,3035,2022,1886,2804,3711,1864,2809,5775,6946,5871,7206,6277,4228,4011,5254,5238,5378,2233,852,1926,3125,1230,1624,1857,3262,5139,3963,3323,4221,3258,661,1603,2808,2989,3154,2845,2055,1913,1269,1894,2234,738,1529,2841,1891,2701,2843,2594,2103,2207,2747,2938,3742,2613,1256,4257,2153,2631,2592,1935,2327,2719,3381,2873,1822,1512,988,2554,1979,1359,2222,2244,1808,2068,2887,2945,2751,1656,1046,1535,2396,3012,2791,2159,2565,2865,3152,3299,4434,2960,2147,5058,2825,2523,3669,3491,2946,2244,2077,1205,1527,643,738,1384,1547,1364,1368,2083,976,1177,569,620,718,1588,647,791,1143,1563,986,1612,1394,1548,854,702,1161,1420,721,1186,1578,775,628,2796,1384,1111,1914,1422,1230,1641,173,739,1071,2033,1738,1454,1559,2147,2036,1604
11,1343,708,1332,1937,3009,2391,1245,1627,1687,2801,3794,2901,2655,1408,2270,2119,3300,4313,2880,2581,2050,2744,3423,2626,2228,864,1931,1363,1577,1741,1352,1258,1055,1312,1801,2942,1742,2507,3138,3258,3171,2549,3162,3355,2865,3695,3648,5055,1758,1187,2062,2531,827,931,548,1958,3037,2986,2585,2542,3211,864,1074,1189,1679,1346,1320,1262,1631,1438,1287,1975,1270,1637,3058,2415,2431,3035,3141,2598,2424,2194,2482,2354,2492,1316,2903,2589,2583,2169,2902,2342,2288,2913,3334,3179,2437,1409,1906,2657,2147,1933,1591,2299,1630,2895,3148,2963,2003,1538,1964,2306,2361,3136,4156,4429,4416,4691,6058,6460,5543,3244,5013,6536,5683,5074,5154,3822,5852,2184,1979,1861,2008,656,1176,2182,1679,2203,2083,1072,1825,1505,1761,2298,1825,1149,969,1040,1082,1198,1133,1164,583,880,1653,1854,972,684,1408,1682,1186,1088,1614,876,2021,1375,836,1804,1002,287,761,1240,1716,1777,2192,1978,2050,1582,2188
12,98,109,482,193,218,190,178,156,235,292,452,324,216,103,171,222,408,271,308,393,507,650,792,629,384,92,317,214,380,397,652,449,462,629,809,717,455,647,1022,1163,1244,978,995,1352,989,1543,2377,1645,779,387,947,1396,556,852,1050,1476,2251,1322,855,1259,914,426,416,611,565,522,612,488,823,711,768,983,360,749,1519,1090,1522,1500,1123,1238,1541,1375,1148,1499,1041,542,1116,972,1094,913,1106,796,1340,1105,840,1193,710,793,1042,796,1045,994,962,1342,1141,1627,1382,1498,770,587,944,1306,1674,1375,1131,1190,1292,1524,1388,1328,1234,816,3870,2301,2027,2078,1467,2319,2150,910,442,764,706,447,462,554,455,267,409,499,1546,801,823,732,331,267,482,509,834,492,590,1452,2032,2784,645,352,506,280,390,465,469,529,519,624,632,557,698,432,420,265,387,491,937,550,676,846,781,650,756
13,148,137,381,601,640,447,797,414,556,868,817,969,453,205,683,484,1101,848,937,859,2195,983,1008,743,605,353,871,766,927,1188,798,743,490,606,860,511,368,826,1004,1785,2477,2196,1899,1555,2025,2419,1957,1966,594,271,1135,2075,379,403,819,903,2058,2102,1389,1956,1123,664,705,856,1326,1340,1050,902,1067,1050,730,677,368,747,1663,1548,1887,1733,1502,1664,1611,1442,1487,1747,1404,611,1631,1817,1440,1269,1516,1324,1583,2379,1657,1732,1325,925,1518,1340,1183,1298,1186,1576,1687,2004,1860,2102,1050,883,1296,2089,1873,2068,1556,1760,2016,2451,2783,2364,2569,1304,2219,1895,1027,867,868,1119,1914,1047,547,377,445,324,596,842,959,1139,1083,675,712,992,1178,901,564,359,449,611,404,530,551,610,645,651,758,1183,778,303,578,817,806,727,658,595,712,716,887,844,686,192,381,802,564,683,720,686,562,451,603
14,131,35,66,217,220,80,89,38,314,192,155,147,150,106,90,412,638,1162,321,300,615,482,748,412,516,269,648,1085,1384,747,956,444,453,715,887,980,476,685,2125,2639,5115,3465,1364,1268,1311,1900,2116,2297,363,89,439,1379,320,200,853,1116,2187,868,1217,2054,1188,316,220,308,734,867,457,702,455,645,420,731,291,591,2564,2114,1995,3282,2456,1759,1934,1156,1573,1411,2075,1005,2186,1753,1377,1767,1403,1602,1478,1212,1601,1579,1046,442,770,1100,999,1103,1193,1927,2054,2518,2107,3109,1068,741,1040,2481,2652,2756,2116,1894,1860,1665,1933,2756,1684,1080,4356,3788,1795,2326,2232,2503,2002,1345,328,781,766,741,1358,1387,855,1279,885,1238,450,771,496,958,517,146,174,434,259,511,424,1160,445,60,478,1140,321,129,256,534,151,238,418,412,697,2616,785,378,31,0,41,60,112,0,0,0,0,0,0
15,118,161,331,464,160,131,139,317,171,331,144,333,346,114,213,219,308,346,439,467,444,347,611,692,637,121,591,502,332,481,274,351,751,472,355,483,304,570,1007,1164,1509,1430,1076,1060,1169,1650,1342,1045,315,119,336,694,259,77,139,234,588,247,331,489,712,182,117,162,376,262,522,214,296,222,141,198,67,130,309,393,525,742,749,428,352,265,292,414,478,160,396,294,320,157,208,286,211,693,582,412,274,122,235,903,581,1635,1328,2364,1776,1218,701,2085,1146,783,1473,2265,2847,2676,2082,2052,1968,2151,1638,2406,1551,1134,3672,3270,2640,2343,2022,1848,2784,1382,1611,3684,861,1593,2550,2322,2325,2808,1710,1332,1359,624,1011,184,730,502,794,1011,566,192,1356,400,228,168,288,0,250,50,381,924,266,498,582,0,0,0,0,0,0,0,0,0,0,0,0,0,0,0,0
16,0,0,0,0,0,0,0,0,0,0,0,0,0,0,0,0,0,0,0,0,0,0,0,0,0,0,0,0,0,0,0,0,0,0,0,0,0,0,0,0,0,0,0,0,0,0,0,0,0,0,0,0,0,0,0,0,0,0,0,0,0,0,0,0,0,0,0,0,0,0,0,0,0,0,0,0,0,0,0,0,0,0,0,0,0,0,0,0,0,0,0,0,0,0,0,0,0,0,0,0,0,0,0,0,0,0,0,0,0,0,0,0,0,0,0,0,0,0,0,0,0,0,0,0,0,0,0,0,0,0,0,0,0,0,0,0,0,0,0,0,0,0,0,0,0,0,0,0,0,0,0,0,0,0,0,0,0,0,0,0,0,0,0,0,0,0,0,0,0,0,0,0,0,0,0,0,0,0,0
17,402,360,328,451,582,672,672,488,732,888,1002,1033,1011,517,903,946,1102,1135,1242,1937,1723,1749,1989,1771,1948,794,1500,1579,2084,1316,659,453,282,174,173,221,1150,2044,3345,3198,3675,3349,4145,2891,3275,4207,4590,4050,5642,2470,4988,5966,2110,2104,1839,3189,3286,3012,2403,3455,224,1697,2914,1067,2182,2146,1907,2813,2895,3043,1458,1456,861,2052,2836,2334,3149,3068,3763,3728,3614,3927,4237,3898,3744,2744,5862,4783,3757,3635,3934,4173,3830,3969,4685,5141,3337,2599,3734,3552,3344,2862,2693,3004,2841,2716,3024,3193,1872,1331,2181,2600,3420,2460,2885,2422,2488,2846,3042,3066,2972,2118,3610,3430,2372,4320,2747,2308,1762,526,348,525,480,359,380,339,356,480,483,399,458,353,1607,2952,1122,774,1044,1516,5427,4105,4666,1964,1379,4247,2549,1822,1228,667,717,1418,1170,1752,1477,1335,534,341,199,246,324,13,720,657,827,830,619,392,366,262,362
18,883,620,683,572,686,452,314,782,225,400,177,256,1037,386,3988,769,227,548,958,794,774,659,292,495,417,272,456,534,2844,799,598,314,680,557,696,979,1175,1287,1799,2091,2137,2299,1869,1041,779,999,1504,1535,648,349,479,843,277,405,379,591,912,2499,507,564,2162,223,378,403,293,1015,550,453,291,192,260,216,104,149,268,183,173,175,380,447,227,494,467,450,464,355,483,356,327,371,218,90,167,368,413,781,470,257,303,190,187,215,339,476,434,436,440,615,335,526,585,624,655,640,420,463,629,488,582,569,382,242,638,695,653,1145,1389,1237,1449,1103,201,664,334,299,700,455,480,337,230,301,435,464,695,428,687,899,349,320,186,240,428,843,726,1100,1094,1888,1185,515,814,821,1272,900,875,1179,1446,994,853,980,884,438,996,573,954,1252,1364,1591,4677,1384,1811
19,324,338,531,763,916,594,378,560,812,887,1265,977,544,427,368,858,267,1042,482,2377,580,432,1206,809,388,84,191,339,332,226,315,183,353,184,158,321,454,1223,1152,1004,850,1161,993,589,629,702,536,1100,659,418,1257,1470,303,287,135,867,781,1503,848,996,1313,379,335,477,967,574,771,744,1123,1067,990,425,334,517,1086,1194,1710,2176,1692,1071,1593,2168,1700,1550,1832,2044,3278,1253,1615,1090,1323,1052,749,723,368,155,1591,714,1435,410,601,717,539,536,487,482,563,578,432,298,335,618,871,873,671,738,703,802,1053,982,301,190,756,1496,1560,321,1031,272,566,195,244,250,153,259,1217,451,307,285,156,255,143,241,196,79,22,156,137,107,122,84,23,166,64,137,96,122,84,78,336,554,573,812,403,388,336,234,360,427,276,94,306,571,788,732,838,810,806,993,953
20,185,123,224,241,366,319,177,222,239,299,355,355,411,301,366,408,498,407,416,408,488,558,501,347,221,111,294,257,360,238,486,298,179,572,544,884,471,585,845,874,789,661,587,890,1141,917,813,692,394,342,492,690,385,413,314,648,1406,820,484,424,848,333,113,471,460,811,555,569,473,494,484,478,300,405,690,597,1235,1134,880,545,404,707,412,931,747,803,745,403,709,889,835,504,578,841,906,360,1482,339,223,425,275,404,643,343,593,623,665,833,427,267,341,518,594,504,689,539,539,821,798,906,694,582,1188,939,959,889,1109,946,1166,1269,912,796,573,885,642,704,595,597,1008,1259,794,534,583,584,645,480,470,413,477,431,803,472,546,1151,542,370,175,234,397,635,788,633,263,401,316,328,524,397,515,87,342,565,732,416,368,258,317,452,496
21,0,0,0,0,0,0,0,0,0,0,0,0,316,72,51,125,322,356,328,331,258,354,443,254,474,170,219,193,361,176,464,253,246,258,158,296,138,198,291,209,449,588,319,552,594,298,525,576,377,77,511,492,533,268,189,223,397,298,410,466,1190,1758,267,473,641,306,680,318,449,551,377,206,161,402,762,643,789,925,1030,834,925,909,780,917,1105,504,1188,615,755,930,725,705,781,774,925,534,518,399,696,631,579,374,1052,864,715,819,1054,1630,1046,458,993,1101,1112,1170,789,852,807,1169,1076,1114,745,202,1936,1492,1485,1670,1485,1115,1399,587,406,595,321,150,367,317,283,263,108,147,177,127,167,189,152,77,147,161,252,259,265,342,335,169,137,103,2600,2004,3416,3902,1736,1755,4506,2168,1931,1611,2440,2584,62,69,93,140,180,106,94,109,145,240,143
22,252,186,254,141,276,155,213,117,435,178,369,197,128,166,520,238,342,330,263,348,285,175,238,184,108,52,128,224,148,140,162,65,371,244,350,397,139,298,420,983,632,713,659,545,592,633,917,688,665,114,596,466,493,206,431,793,1469,1570,1063,1043,871,99,197,162,367,850,371,376,526,512,364,1530,209,414,531,378,690,581,928,1260,1171,790,582,1226,720,441,1533,822,908,683,565,620,745,1575,1739,1208,564,675,413,542,683,576,436,822,995,765,997,1093,594,401,680,1046,1285,1360,1146,1513,1459,1368,1599,1580,962,505,1499,2173,2159,1629,2094,2942,2096,2340,914,1592,4224,1644,1260,838,770,956,600,498,652,2145,540,768,596,380,500,1028,137,69,31,46,20,13,19,11,11,24,38,27,41,31,39,41,64,54,58,96,24,5,45,208,0,0,0,0,0,0,0
23,709,745,1203,1198,1744,2289,1773,1599,1787,2251,2590,2389,1793,1067,1197,1602,1940,2594,2985,4683,2524,2393,4411,4230,1739,798,1455,2117,3508,2732,3109,2789,2223,2080,4250,4147,1803,2917,6001,5327,5416,5605,6130,6480,6301,6149,5623,9604,6788,2874,4948,5598,3532,3840,4855,5893,5831,4343,3432,4572,2210,1104,1427,1413,2430,1724,1639,2441,2436,2107,1398,1899,697,1482,3599,3068,5836,5233,4802,4830,4538,3416,4605,3912,3879,1877,4907,3376,4978,3668,3379,3190,2586,2603,7630,5533,3615,1935,3670,3661,3558,3347,3814,4204,2694,3728,3613,5503,4357,3032,3974,4363,4285,4171,4973,4585,4298,4082,4424,6164,3741,2696,5331,6599,6554,8625,6748,8964,11823,4119,4494,4191,1595,2278,2720,2251,2214,3694,4607,2685,4875,3536,2541,4994,4352,2158,3421,3797,2302,4967,3057,3285,3589,3085,3965,6491,3046,1519,3178,4394,3501,3496,4145,2746,2860,2137,3079,2152,2291,15,1054,2436,2109,2432,2215,2094,0,0,0
24,1108,968,1930,1869,2201,1823,1457,1451,1539,2098,2168,1486,2756,1105,2243,2218,1817,2020,2155,1538,1648,2001,1575,1449,1625,541,1467,948,1137,1095,1075,776,943,1123,1407,1571,768,1231,2130,2439,1841,2759,2932,3590,2816,2955,4142,3994,4086,747,2595,3970,2414,1811,2734,2323,2748,2639,2530,3019,3274,868,2301,1944,2904,3756,2964,3734,3899,3347,2946,2813,1232,2089,2920,2943,2964,3827,4158,3505,3423,3818,3921,4312,3142,1443,3772,2465,2156,1932,1614,1472,1596,1851,1639,4388,2959,2613,4034,3607,3477,4380,4550,4807,4612,6808,8054,6218,4755,3409,5256,5381,6542,5680,4792,5256,6518,7217,9011,7634,6880,4477,7966,10370,6835,6082,5060,7465,5647,4935,6501,4732,4304,2210,3649,5410,4100,3790,6078,5852,3325,3096,2991,2694,2621,1023,1066,1642,1348,2107,1766,1930,1577,2030,2550,1929,1808,1238,1446,1689,1769,2719,3807,2033,1749,2345,2273,1512,585,0,0,517,1045,1005,2162,1682,1552,2592,1875
25,847,346,1124,1000,745,887,957,1128,1536,647,1218,1726,1239,997,1212,1574,869,1611,1892,2130,959,1336,1734,1300,1905,559,868,825,741,737,615,601,625,513,411,776,654,344,688,959,1016,1388,985,833,910,1886,3749,3696,3769,1763,2912,3228,3695,2808,2610,1991,2595,2666,3521,6020,4986,1600,3824,3351,2636,2491,2920,2918,2128,1992,1936,1868,1143,911,1185,1664,1688,2586,2510,2851,2940,2008,3310,2642,3411,1680,3467,3466,2820,3291,2646,3460,2258,2682,3077,2292,2682,1606,2285,2046,1878,1741,1461,1743,1195,1096,1835,1963,2359,1247,1865,2404,2112,2187,2693,2514,2372,2140,3121,2528,2905,1348,2697,3737,3179,3518,2711,2471,2570,2543,3772,4487,2615,2729,3473,3589,3544,3450,3429,2486,2718,1210,1230,1469,1380,888,2029,1815,1427,2033,1827,1570,1407,961,1385,1271,801,376,960,891,901,895,695,718,1029,594,904,672,439,57,417,553,403,489,520,505,513,242,379
26,1564,1124,1737,1537,1209,1861,1153,1596,1532,1129,2228,1726,2175,1841,1012,1342,1302,1973,1811,1632,1404,1073,1113,872,687,325,750,312,815,1201,2217,1361,1140,1972,2081,2274,2367,2278,3224,3354,4602,3896,1833,6393,3392,1966,2998,2871,1836,1646,1957,1401,1571,1334,845,961,1119,1635,1926,1640,1695,1513,2284,1575,1391,1532,1417,1864,1477,858,1263,1242,1146,796,1083,1346,1061,1368,1277,1274,1565,1258,1567,1513,1350,1162,2220,2255,1507,1767,1613,1850,1262,1302,1406,1217,1183,727,1297,1632,1285,1510,1567,1478,1029,1094,1389,1661,1443,1701,1276,2093,1636,1727,1473,1985,1804,1455,2068,5066,1430,999,1542,2018,5269,2521,2524,2809,2333,2534,3535,3352,3323,1987,2574,2670,2044,2314,2357,3071,1232,1169,1739,2131,1702,2018,1276,2085,2241,2088,2225,2617,2163,1615,2282,2093,3992,1212,1541,2149,1882,1894,1877,1644,1688,1318,1549,1701,1569,331,1281,1480,1352,1541,1664,2048,2258,1647,3246
27,5109,2623,3753,3122,2590,2735,1350,1873,3191,2998,4495,4060,4033,2638,2026,2265,1390,3354,2830,1344,1993,1085,1295,1244,1918,473,1419,2041,3689,1832,1768,2014,2576,2339,2274,6254,4331,2912,4908,5591,6002,5633,4994,2648,2705,3534,1,4061,6996,1918,1676,3298,1247,1559,1358,1634,4087,4090,2632,2930,4723,1499,2122,1521,1921,2072,3286,2722,1885,1529,1555,1949,1864,1063,2381,4616,4908,3644,2798,5078,2886,3848,3226,3985,3544,2107,2940,2522,3602,3549,5914,5310,2530,4316,7380,3181,3128,3181,2520,2321,2240,1592,2164,1982,2604,2046,4383,5479,5603,3938,2698,3348,3158,4834,4764,8266,3245,2911,4435,4277,4161,2209,4522,2891,1404,1952,1416,1910,1874,2231,1724,1494,1363,338,1960,1151,1450,1817,1535,1047,1778,1693,1886,1513,1366,814,1000,1090,1186,1545,1857,2247,1588,1072,974,1332,1134,617,1364,1294,1810,1809,1606,2027,1033,1190,998,1086,1520,1520,983,983,990,975,735,1248,1741,1591,2081
28,494,823,811,893,779,926,468,819,1145,1257,1236,1442,1336,818,941,874,1429,1525,1559,1779,1296,910,1527,1597,1343,632,1117,886,888,1393,1017,894,1261,955,1858,2079,1068,1818,2589,2486,2802,1395,2454,2043,1860,1234,2818,3861,1239,964,1018,1319,2100,1731,2245,1697,1236,2362,1637,2445,3239,2747,386,558,1228,974,763,1254,890,1192,1520,1071,618,790,1192,1162,1794,1798,2467,2451,2429,2305,2504,1779,2024,1054,1900,3006,1954,1994,1676,2847,2966,3028,3466,2538,2000,1670,2199,2481,1796,1567,1764,1649,1909,1566,2758,4187,2536,2065,2128,1914,2993,2447,2802,3355,2677,2754,3904,2718,3265,1509,2487,3722,3695,2745,3070,5651,2521,3143,2971,5212,2226,1485,2545,2000,1788,1634,2008,2346,2278,1948,1915,2027,1969,1395,1453,2836,2283,1971,1291,1683,1672,1420,1901,2341,2715,970,875,1086,1331,1353,1740,1225,1709,1878,2439,2826,2016,99,746,1522,1737,1538,2152,1625,1298,1725,1764
29,53,55,53,59,176,121,131,158,65,103,234,1039,460,200,254,281,209,1065,319,257,294,138,246,188,397,119,482,813,733,511,855,289,1066,301,391,552,638,270,845,1022,1274,1156,1279,902,817,914,1485,1851,2198,1442,1718,2041,1944,1740,1355,705,728,1053,1241,784,391,1023,2566,1102,982,1547,1759,2399,1213,1077,1053,1129,811,945,1092,1319,1716,1469,1512,1555,1631,974,837,675,893,730,794,870,811,1671,1523,1591,1698,1743,2362,1909,2179,1226,2022,1926,1643,1329,997,974,1036,1087,1275,1092,1043,701,818,1046,1048,1008,650,421,913,813,935,821,817,396,758,744,750,708,698,1099,1136,1322,1572,2296,1130,2131,3100,3837,3672,1886,1212,787,858,1467,1376,1408,2151,1748,2366,2894,3424,2874,1874,867,892,704,925,1230,1382,1219,2370,1926,2423,1630,994,1411,1002,1044,1329,1315,1207,186,661,753,903,919,874,847,899,1007,1205
30,210,173,332,423,555,532,378,348,429,395,414,881,749,511,610,667,690,697,536,563,588,701,847,711,907,369,817,641,829,640,495,533,315,329,385,795,317,364,463,628,726,776,857,626,764,664,813,1048,1135,742,934,2795,16,111,97,79,115,277,157,191,428,1353,87,125,234,223,220,265,261,481,292,416,240,275,608,673,612,490,495,407,536,363,555,523,799,430,884,531,570,420,428,545,433,1119,1207,722,722,381,791,569,455,461,749,872,510,455,549,641,541,299,394,542,561,497,350,310,349,290,391,455,399,235,336,327,334,262,212,121,787,1208,1504,1951,1699,1717,2601,1461,1272,1237,956,1113,908,629,528,419,454,150,304,266,282,556,680,296,417,1132,1369,1165,670,356,1188,1014,629,1435,925,986,742,600,863,651,669,86,1237,432,544,315,570,839,0,0,0
31,354,613,572,320,226,183,130,106,109,171,239,474,461,405,631,369,304,204,152,193,190,398,400,647,863,848,909,436,503,399,204,110,293,276,223,375,516,960,792,591,471,362,469,437,330,574,1252,1951,2460,1158,1070,684,166,108,77,239,226,242,269,372,922,919,527,186,234,222,161,140,830,229,326,457,617,820,601,347,391,159,204,147,250,245,500,607,1207,1180,1266,671,571,322,487,540,355,521,482,614,685,942,873,522,345,219,291,347,275,580,767,856,733,813,794,644,517,367,402,407,410,440,567,607,1100,620,1173,839,578,378,297,381,395,511,575,1604,1843,3052,3800,1529,496,921,526,488,424,302,440,983,790,984,853,676,360,1011,313,217,0,2,97,62,117,140,322,407,134,219,159,132,93,227,153,317,215,0,80,68,46,69,129,111,102,98,196
32,2836,2686,3436,2757,7062,3966,3178,3092,4295,7301,6361,7511,6523,4477,6015,8222,8198,9970,12762,13229,10883,8760,9925,6191,5235,3184,4689,4543,6022,3084,4374,3198,3970,6936,5156,4217,4173,6193,10413,11447,10491,8844,9406,7431,7081,14328,8826,9094,6931,5389,5811,11794,4005,4558,5893,8325,10923,13607,7605,7825,6503,3298,4841,7213,4747,4399,3882,3176,4970,4889,4682,5367,2861,5949,5580,7589,4490,7043,6360,5593,5078,7030,9795,10421,5342,5003,7468,10187,6997,4636,5253,6510,5737,9616,6734,5936,4429,3818,4358,8166,5033,6159,6122,5769,6858,12448,9059,8755,6292,2961,4713,9500,10506,8116,5058,8973,6285,8891,8505,12313,10302,5676,11893,11068,9377,6590,6063,6675,7260,11243,12640,10630,10812,7536,9826,11547,10814,6884,6052,4629,5950,5611,5961,4561,5017,3956,3897,4072,4567,4897,3233,4298,3631,4038,3912,5050,4484,1397,2971,4115,3287,3427,4004,3177,2247,3610,2638,3675,2671,49,1650,2420,2583,2720,2991,3945,3471,3194,4105
33,2047,1572,2011,1830,2407,2307,2328,2090,2024,2557,3055,4158,3567,1982,2609,2809,2739,5736,6254,6119,5720,4745,4711,3713,3679,1879,3351,3527,2682,2309,2460,2220,1813,2155,2526,3549,3260,5429,8650,8042,11910,4095,6026,5977,5942,7719,9721,15179,1806,2671,4375,5831,4081,3164,2398,3798,5171,7633,7976,5947,6228,5789,1472,2276,3072,3326,2937,3118,3166,3461,3709,3116,1612,2803,4849,3515,4722,3945,5110,5995,4792,3136,6544,5635,5881,3394,5910,7742,4644,5012,5429,4751,4467,5749,6230,5789,4899,3745,5722,5211,10503,1749,2964,3415,3343,4266,5126,5700,4066,2381,4043,4170,4847,4512,4594,4363,3543,4171,4926,4701,3673,2029,4562,4968,5132,3881,3717,3208,4165,5203,2546,3314,2043,1682,2025,3170,2736,1501,1592,874,1725,645,861,815,910,340,367,749,1427,185,192,366,238,96,115,754,435,34,393,96,64,90,111,85,294,323,129,91,86,251,406,156,0,0,0,0,0,0,0
34,260,257,300,218,258,247,247,265,308,351,290,358,359,160,415,285,260,285,420,354,364,381,236,216,302,185,306,143,103,145,390,218,275,276,280,242,173,172,498,573,757,1454,901,595,712,1311,1052,1106,900,242,742,986,1642,584,508,605,811,924,1084,1287,1376,722,1174,1071,1092,1244,1485,2542,3854,1076,1454,705,1437,755,2873,6091,4297,1840,6771,2664,2934,3250,2490,2711,5581,3814,3639,2908,2821,2374,3220,2520,3025,2609,2720,3220,4709,2861,2987,3259,2126,1436,1224,1014,1511,1567,2450,1728,1539,1230,1608,1811,1824,2431,3288,2077,1514,1330,4241,2331,1929,611,1715,2713,1863,1942,2281,2824,2142,1573,1727,1912,1607,864,2075,1791,883,1690,1495,1071,1073,532,809,747,947,707,798,859,1800,953,1420,1052,367,963,743,897,471,1075,444,299,377,491,495,967,585,473,595,267,414,150,664,1276,957,442,572,579,555,627,717
35,767,486,572,631,426,420,486,812,549,696,428,1139,1164,618,992,887,731,797,1184,719,531,639,565,673,627,494,557,715,488,412,475,219,139,117,258,423,201,243,328,457,438,503,460,209,191,109,449,342,80,825,681,594,512,676,544,792,452,1208,1789,4966,2564,873,118,595,710,846,472,743,872,822,694,569,361,754,1900,2044,3704,3498,2034,2044,1847,1396,1494,1810,2007,1597,1542,1645,2224,1355,1683,1968,2537,2313,2301,2149,2183,890,1674,1596,1016,1504,2158,1562,1487,1424,1960,3272,1897,1234,1018,1803,1812,1933,1627,1396,1238,865,1388,1740,1294,377,874,1356,992,943,1399,1099,1473,1714,1439,1412,1159,444,1220,1595,865,1162,795,943,387,214,2044,918,557,314,260,908,957,735,561,660,728,924,799,1081,727,516,471,745,492,1206,843,807,1021,947,532,626,595,85,274,303,1146,1046,844,1099,1478,1294,1103
36,277,970,1829,1765,1902,1340,1483,1283,1437,2038,1902,2166,1568,995,2033,2054,2190,2074,3188,3436,4040,3472,3870,3485,2726,1177,2126,1970,1991,2127,2138,2071,2021,2212,2183,2730,1488,2736,4115,3992,4516,4522,4151,4106,4372,5373,6300,9700,2917,2095,4375,4937,4280,3089,2965,4021,4728,5421,5274,4608,3990,3566,1085,1815,2014,2822,2207,2136,2058,2382,2710,2159,943,1814,2686,1964,2771,3464,2626,2981,2572,2548,3374,3891,3703,1461,3593,3797,3238,2852,3261,3302,2872,2356,2923,3152,2195,1703,3177,2875,2255,2156,2350,2760,3389,3016,3348,3567,2588,1513,1810,2316,2614,2255,2287,2705,817,116,2801,2479,2614,1198,2701,3333,2710,3057,2466,2173,2819,4015,2951,3018,1741,2115,1731,4138,1921,1317,841,855,849,600,1027,836,949,441,977,1187,790,808,968,1380,962,511,835,972,741,403,527,631,346,248,350,228,215,368,517,211,401,10,169,252,78,471,264,431,527,329,290
37,51,69,114,122,144,218,100,91,31,117,68,76,72,31,306,303,328,282,559,548,519,335,323,228,124,47,223,215,312,306,172,166,174,177,125,184,51,78,187,385,350,321,377,390,351,321,221,305,405,142,322,220,112,88,123,186,394,221,274,136,64,70,251,50,78,34,140,99,115,122,125,151,100,63,141,118,84,130,211,240,188,137,6,125,89,49,169,156,225,281,420,487,473,280,494,517,555,302,358,330,325,368,395,398,791,1116,533,405,314,114,277,376,631,513,425,471,409,345,581,217,221,197,457,649,510,380,385,378,361,442,798,523,525,421,582,312,208,477,527,399,552,301,261,278,403,190,354,374,308,649,644,591,373,375,487,664,668,257,472,421,246,898,289,322,288,423,478,323,188,57,307,294,335,469,501,700,549,343,343
38,85,113,172,188,191,333,164,208,196,270,215,254,276,78,181,168,189,258,300,398,336,599,270,208,179,63,164,134,193,282,265,299,300,242,250,230,86,129,165,182,137,204,151,225,182,141,97,250,86,117,434,381,292,220,294,171,883,408,414,158,203,238,285,155,286,264,227,357,455,441,269,314,85,141,344,263,317,495,224,404,342,407,343,371,299,90,202,242,242,145,239,265,297,282,422,1045,1008,82,130,254,181,226,277,226,275,282,568,405,286,172,192,407,441,318,440,440,460,516,988,616,374,122,434,487,468,544,479,513,978,1394,884,710,384,290,773,496,460,681,510,731,565,666,819,753,490,327,544,556,862,670,719,506,583,1207,860,605,349,156,267,546,301,378,320,351,596,259,584,924,414,1,473,395,355,264,319,447,434,349,556
39,150,72,192,192,246,160,205,318,324,383,352,322,210,111,272,569,167,182,56,323,73,385,510,325,234,143,555,502,500,435,433,733,446,417,474,233,152,252,378,461,404,682,415,468,376,407,339,701,238,120,220,338,266,195,136,104,381,214,151,154,132,196,92,132,341,138,70,67,122,27,355,359,73,168,223,215,295,243,359,259,351,341,371,442,563,256,834,570,429,968,535,519,551,688,739,511,311,320,529,576,535,489,400,775,768,601,949,886,457,330,617,545,717,700,666,652,538,875,755,1489,595,275,542,761,738,779,677,483,622,771,704,949,615,337,686,913,873,507,654,630,811,598,547,360,394,268,775,486,323,247,380,316,241,196,284,238,141,91,131,138,312,395,232,366,290,347,656,543,350,4,107,246,278,286,666,96,326,275,282
40,79,107,186,166,381,444,841,892,1024,844,892,419,434,221,368,154,568,1437,3026,3349,1426,2074,4004,1742,872,221,1547,867,905,882,1178,994,1022,1232,1276,1387,735,1457,1925,1895,1651,2255,1409,1965,2019,3643,2699,3198,1458,457,1054,856,545,540,1488,2437,2497,3648,2643,2228,1249,603,900,1035,680,1679,936,961,1187,1403,1344,637,1246,659,1098,637,1008,1234,1647,1498,1134,1701,1757,1369,1300,422,1245,737,591,1101,971,1591,877,915,2022,1712,1171,430,877,690,567,786,573,828,1207,1249,590,1261,608,408,1258,956,1077,762,858,452,668,774,905,1141,253,202,519,1347,695,740,595,859,606,1278,1064,2038,400,653,978,972,957,808,698,1182,1499,962,1376,1373,813,243,267,584,423,491,733,482,712,668,514,977,621,283,394,670,454,480,540,803,539,513,567,789,243,0,208,512,491,399,632,0,736,783,1295
41,0,0,0,0,0,0,0,0,0,0,0,0,0,0,0,0,0,0,0,0,0,0,0,0,0,0,0,0,0,0,0,0,0,0,0,0,0,0,0,0,0,0,0,0,0,0,0,0,0,0,0,0,0,0,0,0,0,0,0,0,0,0,425,543,425,494,704,1079,1166,504,779,414,115,164,286,292,357,622,658,520,566,697,325,355,644,189,561,550,590,417,556,544,765,867,1152,1502,992,554,999,638,393,443,416,1254,505,912,942,1200,874,462,660,1054,1506,1552,1454,1112,533,459,580,390,381,157,568,708,502,836,829,768,414,406,977,644,293,236,483,940,806,368,240,320,358,463,399,454,171,176,309,561,2796,1012,604,1152,1424,2118,1557,1335,1484,728,774,1308,1876,1664,1305,1965,1410,682,1977,1155,1302,99,0,0,0,0,0,0,0,0,0
42,0,0,0,0,0,0,0,0,0,0,0,0,0,0,0,0,0,0,0,0,0,0,0,0,0,0,0,0,0,0,0,0,0,0,0,0,32,127,150,126,229,248,659,531,737,534,931,412,433,179,312,582,755,531,398,355,272,706,495,321,971,452,604,249,363,222,307,572,336,345,589,454,151,201,421,183,213,390,418,576,266,216,197,209,154,78,285,192,171,123,113,147,91,114,50,83,85,206,853,278,125,82,187,412,77,94,471,140,140,86,98,210,336,142,187,106,139,139,159,167,181,13,55,58,83,67,92,69,42,95,42,113,46,58,84,59,26,18,24,29,41,7,25,11,25,4,19,19,20,28,70,23,10,19,50,249,239,138,146,141,46,32,36,62,111,74,191,239,31,27,45,157,255,144,87,181,127,208,72
43,0,0,0,0,0,0,0,0,0,0,0,0,0,0,0,0,0,0,0,0,0,0,0,0,0,0,0,0,0,0,0,0,0,0,0,0,0,0,0,0,0,0,0,0,0,0,0,0,0,0,0,0,0,0,0,0,0,0,0,0,0,0,0,0,0,0,0,0,0,0,0,0,0,0,0,0,0,0,0,0,0,0,0,0,0,0,0,0,0,0,0,0,0,0,0,0,0,0,0,0,0,0,0,0,0,0,0,0,0,0,0,0,0,0,0,0,0,0,0,0,0,0,0,0,0,0,0,0,0,0,0,0,0,0,0,0,0,0,0,0,0,0,0,0,0,0,0,0,0,0,0,0,0,0,0,0,0,0,0,0,0,0,0,0,0,0,0,0,0,0,0,0,0,0,0,0,0,0,0
44,0,0,0,0,0,0,0,0,0,0,0,0,0,0,0,0,0,0,0,0,0,0,0,0,0,0,0,0,0,0,0,0,0,0,0,0,133,154,411,734,623,1431,473,397,728,710,920,916,857,718,1070,538,470,467,371,424,597,1318,1144,1565,857,95,480,405,1161,1281,1531,695,505,601,574,697,295,355,523,590,711,828,834,1104,736,1186,478,642,458,215,1017,426,349,710,547,577,527,472,566,423,210,315,406,371,323,197,244,256,2462,442,580,329,285,154,297,360,572,368,604,515,427,328,295,229,236,105,475,598,444,650,393,538,397,458,491,796,350,238,466,557,438,502,448,436,515,310,436,424,288,245,450,393,399,678,421,470,837,723,788,529,341,168,391,418,439,300,255,228,238,146,148,103,106,4,104,109,148,297,156,156,160,209,331
45,0,0,0,0,0,0,0,0,0,0,0,0,0,0,0,0,0,0,0,0,0,0,0,0,0,0,0,0,0,0,0,0,0,0,0,0,94,123,118,100,102,104,547,155,904,374,425,122,111,145,233,288,141,338,72,165,125,84,334,100,210,61,306,188,232,162,124,193,207,68,168,54,0,28,86,190,57,51,120,134,131,94,149,121,532,117,285,228,229,145,124,211,218,388,315,197,97,71,130,277,132,847,321,185,275,288,192,156,112,95,126,161,131,196,238,226,160,129,346,153,260,120,354,330,195,227,171,243,110,183,142,89,65,49,82,117,202,277,160,171,221,143,149,129,141,62,143,93,132,111,101,135,106,168,186,128,340,108,144,171,82,84,126,183,208,118,84,131,110,0,116,106,141,227,156,79,86,153,143
46,0,0,0,0,0,0,0,0,0,0,0,0,0,0,0,0,0,0,0,0,0,0,0,0,0,0,0,0,0,0,0,0,0,0,0,0,238,293,553,471,611,598,901,774,640,366,391,397,362,59,229,177,209,675,679,792,766,748,659,389,386,164,262,1153,396,242,543,721,538,506,250,203,52,134,264,784,262,422,602,388,470,604,290,136,166,25,103,90,76,58,156,85,115,80,104,88,53,32,23,38,52,41,25,31,54,18,25,327,363,416,233,417,266,336,428,401,326,251,267,191,182,92,315,408,255,244,352,239,549,420,812,1105,288,411,937,563,370,359,227,352,366,191,363,386,191,133,216,213,281,324,414,379,367,261,246,217,416,224,400,201,168,257,245,372,275,224,178,99,233,18,123,104,118,44,226,226,239,115,583
47,0,0,0,0,0,0,0,0,0,0,0,0,0,0,0,0,0,0,0,0,0,0,0,0,0,0,0,0,0,0,0,0,0,0,0,0,1289,599,1504,1189,1231,1197,737,551,732,694,706,359,497,160,858,478,477,189,578,627,578,630,842,1385,1074,273,968,432,333,2329,1656,2292,1005,400,808,375,169,543,337,484,310,522,814,790,678,1081,1141,1092,586,311,996,505,385,729,711,676,907,821,758,580,231,464,530,415,803,676,834,929,821,442,665,237,863,63,268,294,491,268,314,278,294,267,341,399,224,144,375,463,378,485,405,198,632,228,437,384,246,214,338,330,376,317,350,254,394,174,143,234,53,169,175,150,73,364,183,212,280,186,149,103,82,81,174,107,94,74,101,80,106,131,66,82,71,0,70,160,144,268,60,64,73,65,72
48,0,0,0,0,0,0,0,0,0,0,0,0,0,0,0,0,0,0,0,0,0,0,0,0,0,0,0,0,0,0,0,0,0,0,0,0,77,104,156,163,93,113,149,292,331,452,374,213,50,79,328,397,262,268,795,1070,609,436,598,1169,746,646,871,1371,870,741,987,1154,1063,1213,1447,989,155,709,934,841,664,965,1104,1125,1329,1182,1906,1449,1398,532,1701,1570,1213,2172,1418,1265,1889,1602,1444,1151,716,597,887,1227,1110,870,1083,1123,875,1632,1642,1130,954,542,575,988,1216,1363,1664,1686,1409,1254,1118,1053,783,335,1434,1269,878,943,943,1012,973,1035,959,1287,294,333,535,664,560,643,640,645,725,579,485,340,380,196,460,422,409,804,1544,882,911,512,757,672,505,304,633,494,484,689,873,461,537,429,658,429,252,87,342,403,148,250,563,449,415,347,508
49,0,0,0,0,0,0,0,0,0,0,0,0,0,0,0,0,0,0,0,0,0,0,0,0,0,0,0,0,0,0,0,0,0,0,0,0,41,44,48,74,89,405,149,141,144,192,317,669,35,19,107,147,66,91,152,160,201,100,450,131,32,51,124,121,82,176,210,246,180,126,173,223,180,196,239,222,260,186,174,311,191,230,648,503,212,60,234,427,171,177,131,145,183,441,223,375,173,125,262,302,459,167,118,157,163,281,171,124,105,52,75,98,250,136,258,357,159,175,181,81,99,12,74,201,168,168,66,118,143,257,0,120,110,189,74,540,208,88,617,99,106,298,62,79,44,27,68,107,136,119,75,84,123,141,179,68,16,22,39,33,59,84,57,172,46,170,56,33,34,4,19,18,20,8,10,23,152,61,43
50,0,0,0,0,0,0,0,0,0,0,0,0,0,0,0,0,0,0,0,0,0,0,0,0,0,0,0,0,0,0,0,0,0,0,0,0,141,187,189,257,357,307,211,376,701,171,239,372,220,112,395,456,395,326,321,262,793,503,395,199,414,110,251,302,448,569,804,562,479,443,418,280,249,382,190,232,324,292,218,301,451,371,252,363,218,205,700,188,351,376,214,566,2552,1340,1260,852,530,482,512,654,732,322,388,306,462,492,741,432,228,166,0,614,358,294,452,248,276,204,266,348,270,156,204,270,210,176,91,234,176,267,242,274,48,54,46,106,148,186,390,238,204,0,0,0,0,0,0,0,364,270,240,0,0,0,0,0,0,0,0,282,112,160,286,182,542,292,322,218,0,0,0,196,0,0,0,0,0,0,0
51,0,0,0,0,0,0,0,0,0,0,0,0,0,0,0,0,0,0,0,0,0,0,0,0,0,0,0,0,0,0,0,0,0,0,0,0,0,0,0,0,0,0,0,0,0,0,0,0,151,99,296,323,540,244,219,349,439,335,1152,759,407,156,275,260,275,236,285,299,331,331,367,133,0,114,196,294,353,273,300,271,703,513,551,301,267,98,373,206,318,252,330,320,328,1455,1854,864,660,573,1203,1242,789,366,1275,744,960,852,882,762,1881,855,966,777,1494,867,804,834,1032,579,756,918,1065,486,693,2667,987,717,426,552,672,450,1248,987,489,585,699,510,252,285,399,405,468,195,225,130,1005,249,418,2790,336,282,570,549,710,1206,1251,169,438,249,513,483,534,435,1149,846,750,546,423,54,180,0,54,291,38,123,294,441,420,237,207
52,0,0,0,0,0,0,0,0,0,0,0,0,0,0,0,0,0,0,0,0,0,0,0,0,0,0,0,0,0,0,0,0,0,0,0,0,234,157,565,700,767,892,1221,1599,900,1585,1519,2397,651,196,865,1304,852,463,816,501,977,948,1345,947,848,352,843,754,939,1391,621,812,476,846,711,259,169,271,810,698,741,917,1858,1277,1223,1223,1084,1136,1059,694,1435,1429,2123,1370,1547,1526,1598,1916,2471,2545,1007,725,1260,1249,1100,915,1069,1060,1239,1174,1336,1594,896,542,826,1094,1409,1366,1395,1213,1525,1570,1358,1502,1180,514,1557,1762,1725,1717,1778,1569,1493,1896,1940,2001,1397,1173,1633,2036,2793,1952,1859,1692,1762,2077,2133,2008,3116,595,1110,1473,1182,1122,952,1402,991,731,715,593,401,266,435,734,502,744,552,485,432,435,276,622,278,15,242,401,380,471,429,342,330,265,337
53,0,0,0,0,0,0,0,0,0,0,0,0,0,0,0,0,0,0,0,0,0,0,0,0,0,0,0,0,0,0,0,0,0,0,0,0,250,528,772,724,910,1045,763,1079,1116,1252,1044,1027,565,248,443,569,665,865,1296,775,505,468,640,649,457,316,564,746,598,431,415,615,409,689,723,527,91,250,203,294,637,464,589,1038,315,287,433,464,572,240,454,296,403,381,192,557,470,308,1505,267,85,120,142,590,575,206,231,240,171,147,178,208,177,84,135,184,252,165,317,276,195,175,488,263,140,65,159,154,124,89,98,91,103,69,101,85,237,238,75,122,493,527,301,361,380,381,256,209,227,137,480,816,528,984,360,291,441,393,264,234,238,78,600,795,306,270,78,228,141,225,195,228,0,0,0,0,0,0,0,0,0,0,0
54,0,0,0,0,0,0,0,0,0,0,0,0,0,0,0,0,0,0,0,0,0,0,0,0,0,0,0,0,0,0,0,0,0,0,0,0,4,1,1,0,15,46,47,10,5,37,28,52,90,9,25,38,81,293,136,111,281,171,229,120,181,56,156,93,105,0,0,0,0,0,0,0,0,0,0,0,0,0,0,0,0,0,0,0,0,0,0,0,0,0,0,0,0,0,0,0,0,0,0,0,0,0,0,0,0,0,0,0,0,0,0,0,0,0,0,0,0,0,0,0,0,0,0,0,0,0,0,0,0,0,0,0,0,0,0,0,0,0,0,0,0,0,0,0,0,0,0,0,0,0,0,0,0,0,0,0,0,0,0,0,0,0,0,0,0,0,0,0,0,0,0,0,0,0,0,0,0,0,0
55,0,0,0,0,0,0,0,0,0,0,0,0,0,0,0,0,0,0,0,0,0,0,0,0,0,0,0,0,0,0,0,0,0,0,0,0,273,209,605,368,351,661,777,582,718,469,1009,3094,613,272,601,534,557,638,812,909,743,1019,1300,2096,35,380,1725,1138,1449,1287,1128,1618,920,853,856,808,299,556,652,745,801,795,803,794,604,1662,2616,1956,3350,1580,3262,2596,4329,2258,2954,2466,2392,2194,1283,1229,415,346,452,632,561,285,737,658,570,654,787,755,519,247,464,504,595,703,1304,1226,713,480,601,737,840,389,898,926,1003,1085,404,435,493,572,504,594,273,334,519,840,1406,589,473,1123,570,452,471,392,263,171,282,281,191,242,237,134,104,127,146,131,120,77,147,122,130,164,85,59,70,69,77,38,52,6,40,62,66,87,49,67,43,33,26
56,66,24,76,64,110,40,63,33,42,68,182,52,324,138,168,215,246,161,246,178,272,366,325,219,185,91,126,264,229,203,237,83,129,123,137,113,73,114,253,296,313,260,405,344,546,505,765,349,180,154,245,248,150,125,117,158,268,211,46,178,121,82,131,131,239,158,117,124,130,89,54,36,33,72,250,107,97,142,152,100,156,186,160,186,173,165,203,416,291,200,168,198,296,499,278,283,343,302,162,153,132,127,238,143,325,240,371,332,310,203,218,261,247,258,178,432,303,338,249,402,330,258,504,498,350,441,335,309,359,857,696,564,461,715,821,581,493,568,423,489,557,404,515,238,284,318,219,297,148,210,318,282,255,333,502,400,246,110,253,268,213,155,57,36,21,12,21,54,5,0,46,23,26,20,117,37,41,110,37
57,0,0,0,0,0,0,0,0,0,0,0,0,0,0,0,0,0,0,0,0,0,0,0,0,0,0,0,0,0,0,0,0,0,0,0,0,238,389,682,476,1004,941,685,1015,562,574,973,1693,2224,1316,1756,3332,2252,876,2020,1580,1724,2016,1612,3812,3804,2760,3102,12120,6264,1496,426,279,643,969,531,295,149,523,832,358,523,722,640,890,669,813,769,1180,790,468,927,571,615,759,632,2228,892,710,706,1357,631,771,539,799,1057,622,827,520,426,514,404,755,405,425,802,550,838,466,749,578,530,500,1633,1185,526,517,770,957,1162,616,674,703,821,875,637,810,980,1234,1004,1185,893,524,1062,453,391,609,370,1029,590,752,227,347,756,397,675,392,891,514,143,399,667,327,174,315,81,141,198,169,445,327,125,63,129,0,165,192,94,197,136,119,92,0,0
58,0,0,0,0,0,0,0,0,0,0,0,0,0,0,0,0,0,0,0,0,0,0,0,0,0,0,0,0,0,0,0,0,0,0,0,0,537,956,1252,1432,1674,1366,2110,1934,2292,2029,2126,3619,7485,1110,2129,2103,1005,1355,974,1204,1978,1882,1343,1558,1829,891,1478,1282,1022,1306,1260,1099,1158,1069,1944,2190,1262,3540,2778,2378,1413,1354,1316,1269,1971,1408,1085,1738,1472,672,1521,948,1390,1411,1255,1430,1451,1530,1405,1841,1054,815,1137,944,1038,1203,1014,1076,1144,1340,1128,1398,963,862,2316,2574,1300,1014,1838,1562,1766,1270,3064,2512,1962,1414,1382,1211,1294,2496,2450,1920,4690,3678,834,2316,1492,1522,1894,3534,2186,1602,1600,676,1143,1349,5100,1158,932,969,638,362,1179,679,508,638,642,472,316,1316,452,190,804,383,538,550,386,327,542,397,638,638,718,64,384,227,438,416,325,232,671,255,131
59,0,0,0,0,0,0,0,0,0,0,0,0,0,0,0,0,0,0,0,0,0,0,0,0,0,0,0,0,0,0,0,0,0,0,0,0,87,136,117,60,147,128,69,159,107,164,140,253,31,84,150,108,57,146,68,57,195,167,158,535,186,128,123,228,480,122,200,77,54,814,322,336,248,318,279,222,471,756,608,412,924,768,466,612,730,774,1128,438,270,252,387,333,414,1941,747,514,216,1005,408,213,228,378,224,318,270,150,126,203,94,94,171,98,124,132,128,169,164,140,104,103,192,126,277,264,300,268,163,180,240,426,189,283,185,297,173,277,174,389,199,112,95,111,84,96,48,65,47,18,106,139,139,110,62,26,196,126,144,148,62,32,20,37,119,118,43,124,94,98,34,5,38,42,35,28,21,41,17,0,0
60,0,0,0,0,0,0,0,0,0,0,0,0,0,0,0,0,0,0,0,0,0,0,0,0,0,0,0,0,0,0,0,0,0,0,0,0,70,166,264,231,287,487,152,306,216,345,236,335,152,159,262,182,206,177,157,181,328,401,366,485,267,245,283,142,300,164,272,198,197,429,116,84,68,135,162,152,411,297,310,186,251,475,270,284,530,426,537,800,548,547,525,557,590,901,648,975,541,616,475,372,450,425,414,487,431,529,460,520,394,370,563,516,584,524,542,485,479,565,538,443,397,482,772,678,653,640,805,922,1009,1389,845,608,342,695,829,788,866,588,970,437,239,191,242,413,283,191,99,186,201,94,107,281,112,85,70,36,87,165,1036,43,65,305,128,76,46,34,40,75,117,1,52,83,57,54,33,55,38,45,48
61,0,0,0,0,0,0,0,0,0,0,0,0,0,0,0,0,0,0,0,0,0,0,0,0,0,0,0,0,0,0,0,0,0,0,0,0,29,36,31,23,32,107,49,103,46,51,45,57,39,32,106,46,6,90,68,31,105,92,65,50,93,83,88,58,97,84,59,54,47,45,7,72,32,113,138,105,106,88,148,109,94,201,199,187,201,253,120,293,181,125,238,376,268,293,360,117,334,298,178,124,141,137,172,134,126,172,99,188,128,119,141,147,330,291,219,199,173,210,126,410,358,318,215,259,178,268,308,330,261,339,223,117,79,114,114,90,79,105,41,62,125,142,47,172,90,122,124,22,366,19,11,12,24,33,6,23,3,32,6,9,11,10,8,5,8,9,8,299,41,3,20,26,11,13,15,4,11,11,7
62,0,0,0,0,0,0,0,0,0,0,0,0,0,0,0,0,0,0,0,0,0,0,0,0,0,0,0,0,0,0,0,0,0,0,0,0,254,554,630,472,532,882,436,405,166,255,348,281,242,353,555,387,99,150,428,320,226,319,421,590,321,282,407,237,1660,393,758,1264,798,700,592,1058,632,1916,1928,2588,1544,1389,912,759,624,645,418,630,602,602,747,577,778,571,350,470,474,760,473,579,542,548,500,543,531,422,452,425,439,694,570,509,473,309,608,540,541,454,449,442,360,489,482,408,342,429,693,839,682,693,692,1258,2352,770,274,490,306,536,284,519,493,301,461,457,489,419,1401,402,304,273,354,316,190,156,74,40,43,110,270,494,286,132,111,38,0,0,0,0,0,0,0,0,0,0,0,0,0,0,0,0,0,0,0
63,0,0,0,0,0,0,0,0,0,0,0,0,0,0,0,0,0,0,0,0,0,0,0,0,0,0,0,0,0,0,0,0,0,0,0,0,50,33,86,152,185,333,264,488,361,402,273,273,70,35,251,264,39,21,97,67,151,499,187,260,370,129,129,39,155,304,122,73,56,220,293,211,159,108,235,449,448,647,517,547,421,510,412,525,1066,125,533,462,412,1002,653,461,280,519,725,936,447,231,299,455,489,320,320,415,307,440,433,443,496,514,412,486,610,570,663,803,541,388,512,528,474,111,484,608,599,562,470,461,653,929,694,726,536,606,952,1023,730,419,362,425,261,303,550,216,619,289,406,415,730,623,358,111,428,196,364,319,190,129,429,774,383,397,324,341,319,542,320,490,364,50,349,533,560,848,1139,932,664,482,625
64,0,0,0,0,0,0,0,0,0,0,0,0,0,0,0,0,0,0,0,0,0,0,0,0,0,0,0,0,0,0,0,0,0,0,0,0,31,33,98,96,51,87,114,97,102,51,104,32,25,19,177,367,65,47,61,70,567,875,408,215,138,160,192,247,51,86,112,57,57,96,57,38,46,42,115,142,204,166,214,202,204,172,214,196,176,111,228,196,228,290,165,96,152,146,169,190,197,111,101,110,122,73,73,85,103,151,200,194,154,93,249,192,253,157,122,199,225,170,255,208,191,153,228,303,140,138,125,160,210,295,270,266,130,183,435,734,396,249,212,155,371,374,117,150,304,100,216,150,91,578,199,117,55,60,89,126,29,57,129,74,50,73,58,251,350,311,253,410,168,43,159,326,329,213,161,300,245,189,99
65,0,0,0,0,0,0,0,0,0,0,0,0,0,0,0,0,0,0,0,0,0,0,0,0,0,0,0,0,0,0,0,0,0,0,0,0,163,284,714,400,708,926,512,558,281,418,427,666,803,217,347,189,291,137,154,180,251,224,220,360,791,304,476,428,253,195,142,327,134,189,129,125,107,187,265,303,328,244,354,329,384,283,228,187,488,331,812,365,417,273,269,200,351,619,380,659,536,273,279,151,192,191,182,257,278,320,286,289,165,124,163,176,164,325,217,190,164,169,337,269,217,123,198,249,198,206,283,210,270,617,891,503,312,431,451,425,405,330,253,189,229,246,358,236,468,256,332,471,1052,602,969,699,463,350,463,502,113,215,304,208,267,313,1005,396,368,302,130,177,384,57,169,289,238,232,497,347,234,229,324
66,0,0,0,0,0,0,0,0,0,0,0,0,0,0,0,0,0,0,0,0,0,0,0,0,0,0,0,0,0,0,0,0,0,0,0,0,0,0,0,0,0,0,0,0,0,0,0,0,0,0,0,0,0,0,0,0,0,0,0,0,0,0,0,0,0,0,0,0,0,0,0,0,0,0,0,0,0,0,0,0,0,0,0,0,0,0,0,0,0,0,0,0,0,0,0,0,0,0,0,0,0,0,0,0,0,0,0,0,0,0,0,0,0,0,0,0,0,0,0,0,0,0,0,0,0,0,0,0,0,0,0,0,0,0,0,0,0,0,0,0,0,0,0,0,0,0,0,0,0,0,0,0,0,0,0,0,0,0,0,0,0,0,0,0,0,0,0,0,0,0,0,0,0,0,0,0,0,0,0
67,0,0,0,0,0,0,0,0,0,0,0,0,0,0,0,0,0,0,0,0,0,0,0,0,0,0,0,0,0,0,0,0,0,0,0,0,0,0,0,0,0,0,341,398,326,256,304,451,313,205,409,621,265,104,152,205,198,412,366,362,355,239,394,268,528,812,1216,972,780,1500,556,492,328,128,932,722,1082,1520,2216,2128,2205,2028,1404,482,1006,1008,944,862,2068,706,516,392,302,442,258,345,251,378,351,267,202,183,232,322,239,386,284,409,412,518,430,567,531,385,446,390,366,401,437,437,379,443,488,795,396,601,403,287,489,646,565,640,350,646,626,601,684,404,209,203,314,334,189,270,149,254,422,406,222,424,269,391,337,210,259,146,145,103,152,206,264,263,96,126,151,117,222,215,152,59,110,143,75,101,42,63,66,104,119
68,0,0,0,0,0,0,0,0,0,0,0,0,0,0,0,0,0,0,0,0,0,0,0,0,0,0,0,0,0,0,0,0,0,0,0,0,31,84,73,66,52,383,142,75,70,165,245,159,72,12,52,122,63,22,114,61,86,193,165,210,281,103,205,256,269,232,72,94,160,223,476,298,79,206,431,131,138,125,77,130,134,233,513,315,240,65,304,70,81,39,123,78,95,62,66,64,24,10,71,163,113,60,39,76,41,75,75,132,185,138,253,170,115,106,104,104,48,247,284,278,222,182,190,197,305,229,407,454,122,201,272,1091,392,284,430,484,277,612,241,478,165,167,322,329,352,312,256,191,94,211,52,121,65,37,83,784,78,45,120,53,89,91,153,50,53,77,149,40,33,0,4,65,47,163,386,291,225,130,168
69,0,0,0,0,0,0,0,0,0,0,0,0,0,0,0,0,0,0,0,0,0,0,0,0,0,0,0,0,0,0,0,0,0,0,0,0,545,536,815,719,689,685,742,601,499,700,750,614,642,97,629,386,881,372,187,480,376,303,373,466,643,269,208,167,152,289,664,806,406,329,301,261,149,243,415,401,112,416,443,565,471,658,688,662,882,636,647,703,887,794,710,608,782,653,569,928,712,455,438,344,494,433,307,382,293,377,418,417,377,258,315,394,461,421,292,297,289,370,836,548,1240,447,397,1378,912,395,378,598,660,464,1025,2390,1498,561,1500,1180,930,1016,399,332,271,243,322,292,332,129,155,306,387,434,223,202,217,208,319,436,311,262,204,236,82,173,144,165,205,476,378,245,242,36,214,184,428,387,256,216,582,378,354
70,0,0,0,0,0,0,0,0,0,0,0,0,0,0,0,0,0,0,0,0,0,0,0,0,0,0,0,0,0,0,0,0,0,0,0,0,79,111,99,58,63,85,165,78,91,53,257,510,79,11,221,41,109,54,107,365,377,107,102,450,237,61,53,106,66,107,30,106,77,32,152,232,136,137,315,85,76,494,371,160,123,237,223,284,462,148,377,407,356,165,257,140,434,301,324,312,268,206,357,339,189,250,336,318,310,345,278,694,237,125,256,264,240,295,311,225,186,229,432,321,168,73,368,279,191,294,449,399,589,994,407,214,238,243,326,342,246,25,261,67,77,86,69,153,104,116,121,129,147,192,94,109,141,178,191,155,435,103,122,283,306,237,282,161,145,142,145,165,71,0,58,66,65,108,144,126,174,78,189
71,0,0,0,0,0,0,0,0,0,0,0,0,0,0,0,0,0,0,0,0,0,0,0,0,0,0,0,0,0,0,0,0,0,0,0,0,81,110,217,173,148,166,246,228,209,171,281,370,195,237,175,537,277,162,171,348,709,421,412,1000,696,344,437,555,521,655,598,478,269,156,106,223,88,169,226,127,429,450,214,176,215,432,402,376,353,191,416,467,588,437,287,517,760,671,931,1174,849,566,386,261,349,624,705,251,465,412,226,343,526,268,215,325,302,314,367,335,459,420,508,336,318,283,490,437,439,552,503,536,547,956,843,871,517,611,625,789,754,741,773,751,1038,524,559,901,844,845,555,638,609,340,390,145,246,190,229,270,223,226,366,254,182,203,137,189,173,101,106,80,61,0,7,218,114,150,99,272,342,164,214
72,0,0,0,0,0,0,0,0,0,0,0,0,0,0,0,0,0,0,0,0,0,0,0,0,0,0,0,0,0,0,0,0,0,0,0,0,0,4,26,49,110,105,190,150,256,242,189,197,457,168,381,307,412,256,151,183,161,121,170,180,198,81,121,421,219,457,232,340,198,107,367,282,93,149,138,149,154,354,412,393,527,350,371,460,326,152,460,462,277,358,472,508,354,272,744,292,317,448,510,264,295,227,212,242,156,200,302,349,302,248,281,377,346,384,341,356,411,326,446,487,505,273,659,516,413,321,475,369,519,444,409,656,452,15,57,377,373,541,515,112,485,458,492,519,368,403,312,445,404,279,227,528,438,343,374,171,86,79,86,139,76,117,104,87,55,55,185,296,191,0,151,180,199,156,263,96,166,296,379
73,0,0,0,0,0,0,0,0,0,0,0,0,0,0,0,0,0,0,0,0,0,0,0,0,0,0,0,0,0,0,0,0,0,0,0,0,170,79,166,163,232,336,338,386,529,387,489,369,325,134,264,244,87,141,74,105,147,116,148,426,498,111,105,76,403,236,355,295,290,166,290,364,84,149,358,279,300,422,417,377,319,368,564,347,330,189,466,422,699,444,367,380,413,584,363,476,437,212,347,310,473,434,441,409,369,786,573,577,373,402,380,336,398,456,520,454,519,538,821,536,457,320,638,935,775,780,601,596,715,1253,1593,647,602,471,791,1084,790,705,533,635,426,558,376,397,402,253,412,345,416,362,555,385,319,542,248,267,405,259,273,507,255,496,196,244,327,426,314,277,282,41,221,236,557,417,355,381,258,302,323
74,0,0,0,0,0,0,0,0,0,0,0,0,0,0,0,0,0,0,0,0,0,0,0,0,0,0,0,0,0,0,0,0,0,0,0,0,26,21,19,119,88,52,147,98,102,95,63,68,90,84,59,76,32,180,160,154,159,192,312,229,143,53,74,60,227,410,230,108,182,169,198,82,59,53,108,216,304,208,273,337,272,125,231,101,102,85,100,126,96,88,80,100,70,252,232,169,157,76,102,106,141,133,113,88,72,234,154,159,148,117,129,155,185,206,184,200,306,300,234,195,132,157,234,342,426,285,296,341,358,391,293,443,409,356,272,389,231,435,325,297,177,165,303,169,188,181,127,185,100,178,110,205,256,149,73,65,56,59,86,103,70,110,68,71,81,65,50,67,66,2,35,69,56,50,354,145,98,159,96
75,0,0,0,0,0,0,0,0,0,0,0,0,0,0,0,0,0,0,0,0,0,0,0,0,0,0,0,0,0,0,0,0,0,0,0,0,0,0,0,0,0,199,268,210,190,255,423,553,132,80,158,130,86,119,138,118,227,229,206,281,136,50,145,148,164,119,82,118,52,20,91,278,277,128,372,117,183,167,108,268,223,266,328,174,223,145,169,139,160,79,222,241,174,304,230,131,206,133,220,151,123,213,198,101,246,191,159,171,150,143,197,179,174,154,270,187,236,264,494,369,221,272,349,321,265,210,282,302,711,695,796,614,307,311,384,390,463,373,315,174,238,217,316,375,668,356,238,215,261,151,417,580,283,248,408,455,339,100,185,238,273,306,268,242,297,290,206,595,497,115,182,281,416,258,356,258,448,249,313
76,0,0,0,0,0,0,0,0,0,0,0,0,0,0,0,0,0,0,0,0,0,0,0,0,0,0,0,0,0,0,0,0,0,0,0,0,1475,2603,4035,2333,3998,1903,2377,1812,2038,3931,2766,2533,2902,1231,2511,2855,2200,2078,2038,4193,6025,5986,4137,4643,6706,1260,2517,1338,1475,1675,1377,1815,1642,1751,1514,1460,740,1955,2964,1869,4129,3540,3230,2228,2224,2868,3123,3327,3646,1705,3672,2867,3563,3094,2043,2742,2587,3321,3312,3402,2277,1643,2881,2813,6484,2805,2819,5240,3889,5220,4309,4381,3199,2811,3070,4022,5815,5723,4574,4486,4040,4009,4843,4761,4096,2553,6239,5578,5640,4076,6994,5411,7355,7312,4147,4169,3851,1273,4422,2793,2763,2976,2976,2616,2875,2739,1935,4375,2800,1279,1395,2316,2122,1292,1198,1482,1202,2441,2436,1653,1646,593,1675,2351,1724,1437,1140,1291,1223,1301,1499,1849,1318,215,1430,1704,1722,2059,1845,1696,2010,2129,2414
77,0,0,0,0,0,0,0,0,0,0,0,0,0,0,0,0,0,0,0,0,0,0,0,0,0,0,0,0,0,0,0,0,0,0,0,0,220,203,320,433,316,355,117,212,215,130,288,339,332,175,265,218,161,395,298,223,335,422,810,559,566,279,984,475,458,651,479,533,619,355,371,347,136,228,518,417,233,237,371,555,263,315,486,818,733,453,848,612,625,519,623,513,443,440,429,1006,403,364,356,770,244,184,252,352,248,214,190,247,237,143,223,245,341,242,541,382,250,273,278,489,202,248,316,260,309,357,467,348,453,273,417,407,246,205,280,377,432,406,378,296,354,181,311,261,137,176,289,207,154,221,183,143,136,119,103,84,115,110,157,247,156,263,229,208,180,136,266,203,153,42,191,207,282,280,293,291,336,265,253
78,0,0,0,0,0,0,0,0,0,0,0,0,0,0,0,0,0,0,0,0,0,0,0,0,0,0,0,0,0,0,0,0,0,0,0,0,973,1334,1562,1581,1642,1570,1770,1354,1190,1901,2256,2176,2485,824,1947,1679,794,700,802,1450,1569,1654,1293,1353,2013,937,1355,1150,1742,997,1086,1362,963,2270,1308,1946,870,820,1092,802,1353,1358,1271,1245,1252,1948,1753,1796,1802,929,1514,1325,2188,1682,1283,1356,1495,1703,1441,1410,953,813,1155,1060,1217,1002,1119,1202,1263,1946,1723,1953,1693,1033,1000,1454,2565,1988,1824,2101,2206,2461,3169,2802,3425,1462,3279,3375,1784,1592,1839,1933,2011,2249,1181,1950,885,565,1280,68,50,377,366,204,261,629,422,422,282,221,283,468,501,926,971,871,1273,1356,2951,1940,852,363,579,869,539,1011,527,1640,1305,1109,1571,1638,944,305,849,879,750,965,1008,1179,1193,1081,1995
79,0,0,0,0,0,0,0,0,0,0,0,0,0,0,0,0,0,0,0,0,0,0,0,0,0,0,0,0,0,0,0,0,0,0,0,0,458,654,1170,976,1166,997,822,987,984,851,991,1328,1023,285,441,907,602,787,466,487,946,1345,850,963,761,367,624,877,889,723,857,685,1093,1384,548,683,228,471,1006,701,759,709,834,765,872,678,714,710,945,323,855,645,822,694,545,646,588,842,853,710,583,313,481,408,537,482,377,364,460,573,607,717,360,197,339,463,519,569,565,620,725,648,1010,936,1154,526,1166,1129,1289,1198,959,1360,878,1198,455,323,422,387,711,958,1029,719,403,551,522,189,668,827,486,361,337,404,407,454,326,226,324,491,423,237,256,128,329,379,226,204,222,192,297,233,335,244,107,21,89,217,77,225,144,153,208,257,544
80,0,0,0,0,0,0,0,0,0,0,0,0,0,0,0,0,0,0,0,0,0,0,0,0,0,0,0,0,0,0,0,0,0,0,0,0,61,50,83,57,106,165,134,147,69,310,309,263,165,120,175,255,156,152,143,162,301,324,171,138,288,113,377,159,154,246,256,187,107,228,99,45,20,139,147,78,143,91,106,159,223,341,202,152,201,230,210,85,143,114,75,111,354,310,102,160,86,106,132,245,179,142,200,183,217,328,309,301,141,63,243,310,364,374,285,258,275,380,284,292,181,114,341,268,337,427,370,296,421,713,341,359,286,245,315,490,289,327,216,125,273,219,176,116,176,89,94,212,300,256,125,186,65,72,88,100,73,59,122,170,316,317,219,179,145,153,154,216,105,36,117,94,126,126,80,57,66,107,115
81,0,0,0,0,0,0,0,0,0,0,0,0,0,0,0,0,0,0,0,0,0,0,0,0,0,0,0,0,0,0,0,0,0,0,0,0,88,201,332,562,634,435,258,297,533,839,729,620,661,251,267,360,209,197,194,229,267,256,652,602,1085,539,888,632,626,471,403,285,334,183,153,78,45,138,125,127,127,165,150,126,71,68,57,101,102,601,966,517,518,362,357,322,301,294,240,158,118,239,240,195,205,159,331,468,289,319,266,281,197,170,175,181,155,129,106,94,104,107,74,67,82,67,83,73,56,29,16,23,26,42,23,8,16,7,14,11,8,590,1070,703,724,63,196,327,292,282,205,157,275,141,165,110,119,176,172,155,81,63,69,146,355,224,293,353,231,213,237,221,122,48,175,104,210,234,237,228,206,236,305
82,0,0,0,0,0,0,0,0,0,0,0,0,0,0,0,0,0,0,0,0,0,0,0,0,0,0,0,0,0,0,0,0,0,0,0,0,53,69,56,98,53,90,261,146,76,122,148,210,84,106,106,134,147,97,109,166,176,241,198,93,139,26,53,36,109,52,155,132,66,116,38,27,54,69,53,39,69,64,166,177,163,177,84,88,151,121,166,160,200,182,82,106,129,164,116,110,71,80,201,107,245,94,280,68,100,171,137,3,165,88,142,116,157,137,145,163,140,163,177,237,225,136,202,192,152,173,251,180,256,545,212,271,105,115,124,164,384,404,444,274,302,142,78,142,130,54,140,198,136,130,90,330,158,192,154,38,66,44,28,66,70,22,40,52,38,54,50,84,42,14,16,44,26,132,102,72,70,0,0
83,0,0,0,0,0,0,0,0,0,0,0,0,0,0,0,0,0,0,0,0,0,0,0,0,0,0,0,0,0,0,0,0,0,0,0,0,78,48,88,115,198,276,185,262,287,293,316,402,224,163,343,306,140,139,209,118,183,152,248,258,207,139,93,50,66,69,120,145,119,101,73,69,43,68,96,89,136,126,171,130,196,223,142,202,115,107,136,145,157,87,114,123,144,239,329,258,126,100,147,140,113,119,153,98,371,424,254,492,82,200,74,147,233,210,499,241,250,358,322,411,220,189,296,310,454,313,437,260,338,540,417,1500,187,384,286,516,510,403,535,604,286,260,359,217,119,96,122,305,131,103,225,197,194,225,268,279,185,86,405,199,331,182,160,201,249,117,82,544,208,0,231,370,564,392,163,332,263,170,279
84,0,0,0,0,0,0,0,0,0,0,0,0,0,0,0,0,0,0,0,0,0,0,0,0,0,0,0,0,0,0,0,0,0,0,0,0,0,0,0,0,0,0,0,0,0,0,0,0,0,0,0,0,0,0,0,0,0,0,0,0,0,0,0,0,0,0,0,0,0,0,0,0,0,0,0,0,0,0,0,0,0,0,0,0,0,0,0,0,0,0,0,0,0,0,0,0,0,0,0,0,0,0,0,0,0,0,0,0,0,0,0,0,0,0,0,0,0,0,0,0,0,0,0,0,0,0,0,0,0,0,0,0,0,0,0,0,0,0,0,0,0,0,0,0,0,0,0,0,0,0,0,0,0,0,0,0,0,0,0,0,0,0,0,0,0,0,0,0,0,0,0,0,0,0,0,0,0,0,0
85,0,0,0,0,0,0,0,0,0,0,0,0,0,0,0,0,0,0,0,0,0,0,0,0,0,0,0,0,0,0,0,0,0,0,0,0,18,39,59,98,68,111,152,117,217,153,233,231,195,100,357,333,265,248,199,220,320,206,360,291,115,175,229,315,269,228,232,342,198,200,288,198,92,29,210,71,82,86,200,512,174,352,168,220,336,171,345,322,548,180,122,129,72,75,82,62,55,109,298,234,159,151,166,145,183,232,192,185,168,78,209,216,350,225,265,302,352,282,279,232,278,98,299,304,308,353,237,251,319,225,357,365,415,315,318,400,620,634,661,513,648,358,539,420,243,138,252,215,208,197,162,167,121,112,177,131,103,138,217,173,121,135,120,153,153,195,223,221,215,39,223,225,276,317,255,183,201,192,216
86,0,0,0,0,0,0,0,0,0,0,0,0,0,0,0,0,0,0,0,0,0,0,0,0,0,0,0,0,0,0,0,0,0,0,0,0,305,682,634,1015,648,939,901,1212,807,574,1027,1779,2659,804,1598,1371,902,910,781,922,1375,2025,1679,2088,1317,1996,1737,1269,2180,794,1008,1145,795,1470,565,397,225,664,645,624,903,709,952,968,741,2800,940,988,1247,1002,1556,1011,1224,797,756,709,620,1104,1029,960,832,930,1252,804,727,415,439,590,674,773,619,671,615,686,952,632,1017,1005,528,596,579,593,621,551,699,641,1040,635,1195,973,415,447,615,896,726,580,739,1109,967,1146,1061,894,433,388,368,312,420,591,472,336,596,250,216,284,204,281,402,178,177,223,161,232,331,231,140,496,353,433,362,252,464,231,278,156,365,461,469,682,1686,532,429,1112,470
87,0,0,0,0,0,0,0,0,0,0,0,0,0,0,0,0,0,0,0,0,0,0,0,0,0,0,0,0,0,0,0,0,0,0,0,0,4,34,103,176,306,240,412,562,456,732,1026,1870,352,525,731,788,547,275,477,743,510,795,799,863,967,913,626,1090,428,379,310,493,474,871,353,506,352,590,361,488,424,497,747,692,416,664,604,872,863,910,752,593,1358,884,804,927,991,886,899,1134,926,1371,889,817,892,485,669,545,725,770,938,467,443,557,889,539,580,564,565,550,534,654,498,466,522,998,860,815,1202,901,742,713,791,1091,959,645,610,1293,637,741,770,492,950,541,396,554,424,373,598,1005,701,788,1383,578,758,540,583,1372,2006,827,546,2159,1109,1110,1151,739,2120,986,1250,1795,1218,719,811,815,3235,3749,3319,645,754,1263,1431,1413,1306
88,0,0,0,0,0,0,0,0,0,0,0,0,0,0,0,0,0,0,0,0,0,0,0,0,0,0,0,0,0,0,0,0,0,0,0,0,146,135,270,356,386,380,375,299,369,253,371,474,253,141,293,384,453,379,194,172,255,216,321,440,116,203,516,3424,1100,514,386,500,155,195,360,380,88,159,203,218,288,229,358,260,274,199,214,187,168,78,194,171,177,230,150,238,158,358,262,686,295,148,266,790,1491,432,542,406,476,461,619,586,503,400,603,735,614,930,1152,1144,743,501,514,819,937,517,1083,1043,445,375,289,295,354,461,828,850,371,751,692,876,2666,145,144,514,610,601,631,447,238,116,273,238,378,297,370,239,190,378,353,344,134,114,267,148,253,373,275,257,237,84,301,243,152,37,344,316,197,173,257,244,83,281,203
89,0,0,0,0,0,0,0,0,0,0,0,0,0,0,0,0,0,0,0,0,0,0,0,0,0,0,0,0,0,0,0,0,0,0,0,0,0,0,87,105,109,163,218,237,101,361,202,175,363,121,529,353,417,322,697,714,461,421,429,459,426,280,457,303,455,520,736,408,437,356,481,314,118,222,189,245,249,217,362,325,218,319,355,312,387,261,332,306,416,355,452,237,510,379,225,367,219,253,297,212,285,180,214,216,165,245,582,316,230,152,295,233,199,170,284,254,269,293,332,194,154,149,187,265,195,195,163,222,219,226,36,120,121,179,186,213,168,142,141,176,280,164,326,271,259,248,367,328,315,175,147,217,155,194,221,106,89,61,108,115,82,74,78,138,119,109,64,40,47,5,89,199,121,55,104,25,28,20,33
90,0,0,0,0,0,0,0,0,0,0,0,0,0,0,0,0,0,0,0,0,0,0,0,0,0,0,0,0,0,0,0,0,0,0,0,0,0,0,0,0,71,112,201,217,0,0,0,329,331,244,619,411,295,260,207,198,330,631,816,524,413,372,412,339,327,647,428,523,649,474,404,537,515,298,615,421,366,522,497,635,601,514,579,743,677,286,568,373,450,526,527,564,573,571,345,342,676,221,279,258,326,391,375,397,889,404,452,330,296,376,264,274,202,476,337,494,684,729,612,715,625,459,799,746,683,807,526,289,500,658,779,856,630,414,537,420,447,533,290,487,665,798,685,1011,483,417,701,703,1408,583,862,2041,837,675,1206,1102,552,638,2947,792,781,811,628,465,437,571,539,481,465,118,401,382,489,800,463,471,368,564,519
