1,3879,4321,7181,7622,7282,6617,5767,6096,6824,5842,6531,6143,5471,2282,4226,5231,4745,5582,6312,5221,4184,4064,4054,3822,2644,973,2154,1941,2542,2736,1815,1006,1246,1236,1833,1756,1773,2576,5511,6459,5436,4836,5289,3722,3345,4231,5030,5652,3165,1494,2613,3597,992,892,1255,1696,3623,2114,2453,3045,2347,873,1124,972,1500,1706,1634,1392,1269,1380,1352,1725,516,897,2605,2115,3064,3462,3523,3839,3280,2818,2870,3564,3515,1480,3792,1734,2029,1901,1903,2230,4947,2415,1614,1857,1809,377,1650,1111,1115,1556,1078,1752,1274,2327,3541,2928,1969,1063,1109,1788,2363,2328,2710,1357,1381,931,1815,1904,1180,708,1361,1473,1367,1440,1097,887,1833,1011,718,706,377,936,696,262,256,573,561,436,590,1587,1284,970,248,119,188,340,449,526,338,826,493,333,615,668,581,330,461,733,1368,1168,975,919,711,896,833,901,601,202,297,540,588,781,938,1064,1058,1214,1636
2,2553,1369,2200,2725,3501,3708,3427,3293,3802,3929,4185,4291,3668,1863,2354,3497,3403,3525,3164,4834,5744,3508,2910,2231,1327,1130,2427,2527,2323,2265,2058,1345,1720,2039,1892,1816,1783,2242,4998,6014,4815,5372,5536,6473,5712,4508,5577,6341,3550,2235,2760,4320,3166,2083,2174,3057,4742,5412,5392,6702,5048,4198,3419,2259,2591,2948,4088,3884,3954,3287,2483,4115,1243,1520,3242,3457,3892,3936,4980,4862,4551,3721,4456,4191,3935,2264,5513,4914,4056,3736,3739,4374,5010,5227,5582,4382,4509,2430,2976,3893,5801,3206,2077,2610,3191,2907,4597,3986,3158,1890,2899,4099,4916,5344,5519,6026,6626,6399,6604,6889,5395,2814,9949,13476,8537,7978,7614,8476,9139,7422,8286,7146,3469,2506,6365,5520,5026,6203,5705,4217,4230,3588,4028,4348,2903,1488,2410,2559,3104,8277,5565,4781,4669,4714,5542,5257,4159,2531,5092,5905,5092,5252,4860,5462,6226,5107,5828,5898,3833,313,2407,5342,5640,6358,4936,5215,5393,4958,5842
3,164,183,178,466,150,461,586,521,613,900,573,929,334,151,444,619,1275,1629,1624,805,1000,697,706,1635,344,277,364,243,404,697,434,471,397,275,291,667,421,668,1279,1228,1157,2192,1930,1784,2056,2021,2388,4769,1298,1258,2766,2432,2620,2308,2115,2700,2842,3082,2561,1866,1638,3095,1485,1801,2553,3113,1956,2536,1761,1540,1561,1293,658,926,1372,1193,1001,1672,2693,2722,1817,2516,3476,2899,2232,1032,1896,2413,2256,1471,2284,2536,1854,1272,1437,766,1592,991,1197,912,1005,1659,2124,2154,2444,3145,4158,5199,5009,1911,2755,2690,3964,3036,2515,3070,3432,2416,2840,2371,2774,2031,4971,5194,3054,3364,2136,2390,2476,3955,3550,1850,844,603,1207,1831,2157,2285,2725,2549,3073,2537,2865,28546,1861,1398,1406,1558,1790,1587,2207,2166,2292,2436,2201,1881,2338,1486,2211,1985,2469,3453,2802,3542,2934,1541,2112,2037,2112,528,1002,1955,2412,2429,2941,2962,2843,2108,2810
4,372,186,281,245,347,434,134,326,417,478,444,520,528,112,83,736,434,261,457,321,344,305,305,266,267,56,151,304,445,435,320,289,469,225,710,749,606,518,636,553,618,488,846,876,1375,598,851,941,943,368,926,869,638,1040,717,906,1187,927,966,1184,1095,358,998,829,685,968,858,582,862,552,694,1527,712,868,1063,806,1006,1287,1125,1241,1020,1020,1530,1211,1295,494,1326,2230,3873,1411,1770,1389,1225,1050,1367,852,1136,490,833,1809,1887,2012,2729,3339,2193,1631,1793,2044,1806,1318,360,3976,915,2706,2644,2560,2928,2488,3451,3172,4338,1015,3155,3791,3274,3856,3926,4217,3683,5073,6008,12981,2521,4362,3519,3497,2927,2915,2534,3332,3016,1547,1663,2656,3321,3114,1082,6231,5510,5392,5368,5653,6507,5900,6120,4543,3895,1324,2908,3290,3257,4114,2567,3154,4506,3746,4280,3972,3352,558,1972,3046,3718,4274,4447,5723,4977,4830,5710
5,26,26,84,47,21,59,63,81,112,176,188,418,70,34,110,136,100,135,158,122,78,46,114,75,58,16,92,105,67,81,191,297,310,134,103,150,10,35,111,182,75,180,353,99,199,349,63,295,195,438,397,688,644,317,179,310,211,207,232,1768,542,1741,11185,1401,350,304,375,225,346,363,693,847,369,183,366,766,661,667,783,736,684,711,725,603,522,165,636,884,848,649,673,835,859,841,448,191,57,47,112,410,562,529,855,801,739,585,754,665,752,491,711,1137,367,1213,1455,1262,1341,1148,1529,1420,1129,533,1466,1785,2520,2187,1878,1996,1219,1778,2235,2242,1514,933,1931,2052,2112,1575,1560,1628,1705,1433,1582,1378,1513,623,1622,1793,2271,2043,2084,1732,1019,431,1609,1861,359,1287,1745,3566,1631,1725,3250,3300,1708,1248,3948,3981,0,0,1784,1114,1509,2661,3021,3235,3331,1860,3271
6,525,536,900,5832,1933,1759,3623,1678,6460,2478,5106,2392,2688,1492,2051,7318,2545,4416,2793,3427,10232,3780,5688,4314,3481,1186,3275,3144,3035,2954,4425,2583,6183,2289,2114,4074,796,1187,3965,3179,3338,6077,3826,4581,6655,3879,2984,2881,1185,1309,2346,3558,3436,3234,4112,4364,5517,7000,5479,3434,3648,4013,4046,2726,2987,3571,3510,3887,3917,4888,4012,2051,1304,1580,2019,2588,3208,3213,2894,3885,3136,4705,4513,3846,2210,1909,4742,4667,3335,3324,4130,3354,3941,4491,3684,2722,2615,1560,2250,2300,2792,1965,2863,3171,2949,3359,4694,4095,3170,1926,2154,3650,2854,3316,2400,4580,3404,4298,4289,5354,3139,1796,3576,4773,3002,3896,2620,3944,5507,4422,4649,3752,1931,2856,4007,5304,10082,3671,4206,3725,4461,4105,3961,4441,2870,1839,2948,5951,4813,5781,8132,5132,3606,3442,5334,4206,2873,1859,4768,5767,5695,7663,9222,8516,6869,4819,6877,7110,3862,443,4199,5739,14134,8349,7081,6871,3340,3228,3562
7,493,460,524,604,830,1021,493,550,467,403,825,894,768,338,440,690,548,674,657,723,854,1732,1274,896,938,500,687,764,775,627,621,492,582,308,184,245,197,124,335,438,979,1197,1575,2027,1619,576,2768,2418,1105,315,623,1438,862,421,554,624,629,1261,697,1044,349,494,887,162,547,398,588,446,299,276,243,185,70,81,217,218,405,307,600,635,611,826,2118,536,472,263,590,527,641,704,547,487,521,482,753,794,333,214,366,355,491,452,431,472,486,534,736,746,376,243,497,600,890,1061,850,912,775,760,972,1664,486,189,568,647,867,588,608,494,647,836,1360,1025,383,400,712,1044,510,417,348,407,379,372,425,403,313,147,304,490,397,233,136,96,49,73,134,86,71,120,645,645,632,1328,1292,878,631,820,994,1401,305,0,323,662,695,947,1125,676,847,778,679
8,214,324,757,671,1018,864,541,1456,1072,1544,1521,985,1211,525,1160,1381,1275,2008,2380,2587,2305,2362,2212,1480,1272,527,1378,1101,1677,2235,2490,1781,1620,1882,1280,1155,984,992,2369,2813,2410,2646,2687,2689,2822,3362,3358,2957,1875,1015,1770,1861,1511,1732,1901,2315,2074,2543,2821,3350,1614,616,1588,3892,3087,1838,1997,2035,2125,2029,1965,1698,737,1123,1688,1768,2314,2823,2726,2575,3024,2812,3352,2287,2965,1407,3455,3214,2994,2653,2568,2609,2902,2699,3093,2863,1809,1543,2541,2550,2524,2438,2650,2674,3072,2456,2847,2947,1795,1045,1640,2291,2647,3559,3686,3354,3167,2452,2887,3042,1918,1155,2833,3390,2807,2902,2602,2158,3456,3021,3054,3312,1458,1330,2278,2618,2816,2893,3202,3515,3091,2722,3399,2217,2221,1307,2022,2401,1916,2814,2968,2787,4666,3110,3336,4555,3837,1832,3010,2765,2415,2856,2537,2839,3440,2343,2232,1874,1441,279,1586,1573,1593,1957,1689,1746,2345,1915,1401
9,426,274,594,623,791,656,451,484,601,695,771,995,605,332,576,724,871,1285,1854,951,1537,1367,1278,1152,739,357,459,474,828,362,524,494,682,967,1004,1132,244,565,663,838,943,2131,2227,1052,1599,881,1299,2633,700,1016,1733,2205,519,3199,947,1275,1188,1199,1452,2005,3925,9166,539,1169,1405,1186,5237,1911,1200,1385,1056,1660,345,646,940,1586,1353,2404,2218,1210,2115,3668,5004,1833,1859,786,2552,2947,2249,2125,1781,2158,3483,2520,2153,2746,1518,939,2019,1659,2046,1913,1698,1582,2810,1803,2421,2257,1790,1000,1274,2497,2464,3112,2656,2228,3544,2730,2124,1601,1690,951,2258,3250,2234,2234,3092,3075,2793,2806,2834,3211,1445,1882,2345,3253,2501,4154,2815,2590,4701,3466,2964,1822,1808,1696,1441,2718,2412,3147,2737,2230,3876,2252,2176,1850,1531,1247,2097,1741,1437,2279,1758,3715,4359,4104,3479,2900,1825,0,1296,2279,2087,2513,2657,2719,3850,2571,2909
10,2746,2846,7487,10530,10940,6068,5340,5737,7008,6277,6284,6910,7290,3772,8435,8207,11817,12931,9783,10704,9198,6480,6010,4952,4651,1708,3941,4142,4137,3784,3207,2763,2400,1844,2763,3661,2136,3273,6436,7995,7649,7848,7087,4460,2769,3006,3924,4118,1890,699,1341,1915,800,1206,1490,2170,4766,4341,3124,4340,3531,689,1379,2219,3069,2595,2670,2032,1644,1696,1534,1981,663,1420,2591,1883,2522,3534,2804,2749,2897,3267,3340,4174,3952,1717,5503,2993,3093,4613,2691,3319,4316,4131,3887,2718,2605,1314,2797,2300,1814,2300,2426,2112,2290,3687,3611,4420,2949,2217,2497,3695,4613,5130,4427,4301,4917,4913,5390,5963,4299,2656,6670,3414,2719,3560,3996,4000,3909,2491,1432,1768,1479,1524,2088,3001,2410,2036,2100,1391,1724,987,1257,1665,1744,1295,1835,1986,1971,1553,2710,3289,4289,2080,2473,1777,1927,1616,2080,3078,1554,1567,5268,2931,2297,4546,3056,2780,2202,418,1396,2229,3986,3661,3645,4131,4924,4261,4671
11,2515,1906,4108,4558,5917,4863,2629,3324,4019,4893,5970,5657,4346,2552,4730,4513,5615,5342,4485,4698,4816,4224,4111,3322,2809,1018,1992,2049,2441,2569,1819,1160,903,1185,1813,3353,2896,2587,4459,5418,4368,4528,5070,4065,3285,2930,5919,7298,2102,764,1659,2892,639,588,610,1451,2586,3146,2833,3085,3424,1050,996,772,1173,1162,1526,1133,1224,1290,1323,1632,819,1573,3077,2552,2916,3625,4696,3649,3517,3600,3706,3417,3729,2281,4628,4171,3600,3370,4417,4077,3661,3775,3973,4550,2962,1646,2393,2612,2219,1683,2003,2597,2210,3711,4863,4655,2372,1849,2259,3190,3406,4704,4747,4985,4759,4700,6997,6988,6356,3546,5989,7884,6594,5953,5786,4034,5550,4194,3716,2128,2562,1061,2157,3436,3278,2447,4160,1959,3862,2007,2620,4349,3862,1796,1425,1341,1436,2264,2885,2755,1837,1696,4662,4587,2363,1087,2767,3122,3121,3273,5775,2905,4018,5347,1581,5836,3293,1584,2017,4109,4197,4469,4506,3939,2828,3151,5199
12,516,403,923,1482,1511,1775,1028,1193,1160,1415,1768,1370,1361,823,1313,1786,1834,2222,1840,1884,2385,3293,2290,2034,1327,407,1076,950,1330,1242,1142,897,1008,1135,1121,1619,1222,1448,2499,2602,2941,2659,2916,2625,2538,3373,3359,3827,1706,939,2422,3105,795,845,1218,2407,3122,2779,2108,2846,1832,922,921,958,1277,1064,1374,1131,1232,1053,1455,1805,656,1118,2456,1796,2688,2605,2672,2135,2051,2062,1900,2496,2134,1056,2391,2225,2137,1943,1778,1535,2236,2254,1711,2000,1306,991,1641,1454,1646,1957,1742,1994,2026,2616,2649,2636,1524,1070,1538,2179,2509,2808,2344,2066,2366,2189,2451,2696,2530,1653,7616,5614,4253,3804,3347,4188,3692,2236,1060,1511,1227,971,1570,1168,1193,1368,1095,1858,3159,3054,2207,3175,2475,1310,1605,2892,2158,2784,4016,5005,9559,9240,2606,2283,2238,1959,3681,3330,3630,5520,3794,4622,5326,3065,2965,2342,1824,994,2271,2818,2929,3312,4285,3970,3158,2698,3141
13,802,882,1732,2523,3145,1620,1733,1928,2222,2727,2881,2820,1809,1035,2427,2043,3021,2389,2814,2668,3361,1770,2457,1534,1205,473,954,1356,1533,1347,1086,1193,804,1185,1453,1456,889,2379,1857,3636,4106,3486,3875,2659,2777,3480,3101,3416,881,403,1422,3043,468,573,560,1662,2618,2793,2036,2134,2009,1006,929,1498,2027,1773,1443,1848,1755,1281,1207,1326,570,1465,2548,2038,2264,3283,2441,2886,2288,2333,2366,3152,2648,1691,3721,3153,2834,2903,3144,2707,3008,4011,2604,4103,2258,1661,2668,2931,2931,2599,2928,3757,3284,4207,3971,4535,2207,1743,2546,3929,4105,5826,5583,4679,6695,6714,7621,5479,7122,3164,4693,3054,2936,2432,2169,2212,4781,3126,1379,1246,1243,1329,1813,3324,2597,4278,3732,2643,3072,3512,3688,3690,2870,1973,2156,3401,2204,4170,3475,3784,3477,2956,3071,5669,3888,1990,3311,5803,5744,5521,5723,3957,4533,4109,4711,4536,3714,1651,3440,4109,3803,4996,4768,4334,4488,3779,4307
14,517,362,532,1547,1709,850,568,538,1184,1265,1045,1167,1014,460,800,1329,2357,2302,1164,1044,1210,1402,803,699,684,529,515,513,855,567,472,248,364,241,256,407,379,489,1383,1697,2211,2096,996,810,905,976,854,1017,482,54,477,1052,102,125,447,520,778,506,448,702,534,140,44,121,237,229,192,226,240,222,133,389,93,151,700,1105,991,1080,967,652,534,435,613,619,448,184,691,613,632,499,435,420,609,429,441,58,360,142,264,326,295,295,328,520,549,907,1040,882,497,367,361,854,990,1080,794,836,537,621,699,1832,743,413,1799,1362,803,1207,920,1228,1359,913,247,399,418,239,967,1108,576,1022,1841,1245,885,1291,999,756,766,516,182,497,162,360,596,588,246,502,1631,1004,847,269,747,966,664,517,1662,806,1441,2943,1309,1275,741,0,684,2301,816,1259,1657,1118,850,933,967
15,345,356,934,1596,1364,810,515,786,757,1181,944,1164,748,324,938,1064,1396,2085,2135,1319,992,674,1364,580,559,186,451,934,697,710,601,339,304,394,302,894,667,680,1313,1379,2141,1637,1072,622,668,925,817,314,215,28,214,751,214,381,794,364,1304,322,761,773,1381,314,142,287,587,516,341,453,266,243,396,372,217,195,639,598,1144,983,1787,1432,769,633,925,1128,1031,452,809,647,746,567,846,807,725,1323,891,1148,823,241,579,1156,1514,1930,1275,4592,3093,7260,4240,4260,2596,1504,2204,4206,4276,4686,4196,3512,3684,3390,4268,4254,3024,2114,6832,6542,4626,5080,4014,5378,6110,6722,4180,8552,3218,3216,6834,7698,6938,7556,6706,5514,6396,5116,9912,1164,7800,4182,6912,7596,4522,8276,6636,3546,3650,4118,3282,3490,3726,872,4152,7676,2977,6276,5710,3570,2686,1886,2895,2953,2335,0,1801,2205,3903,3462,3825,3751,3187,2986,2426
16,81,64,76,154,175,91,100,101,182,198,333,428,560,924,234,423,235,173,95,38,15,38,38,3,8,38,269,16,28,83,50,106,51,15,4,0,0,0,0,0,0,0,0,0,0,0,0,0,0,0,0,0,0,0,0,0,0,0,0,0,0,0,0,0,0,0,0,0,0,0,0,0,0,0,0,0,0,0,0,0,0,0,0,0,0,0,0,0,0,0,0,0,0,0,0,0,0,0,0,0,0,0,0,0,0,0,0,0,0,0,0,0,0,0,0,0,0,0,0,0,0,0,0,0,0,0,0,0,0,0,0,0,0,0,0,0,0,0,0,0,0,0,0,0,0,0,0,0,0,0,0,0,0,0,0,0,0,0,0,0,0,0,0,0,0,0,0,0,0,0,0,0,0,0,0,0,0,0,0
17,1480,922,1882,2119,1933,1687,1549,1880,1953,2465,2816,2380,2096,1243,2367,2414,3043,3070,5332,5247,5425,5771,5524,4374,4312,1814,3179,3236,3399,2533,1361,831,622,322,347,486,916,1616,3053,3186,3964,3101,3739,3317,3053,3783,3921,4024,4245,2093,3876,4119,1473,745,1041,1789,2204,2675,2381,3686,733,2680,4082,1005,1833,2095,1973,3544,5934,2985,1412,1976,1078,2431,3318,2814,3837,3829,5076,4098,3749,3887,4063,3881,3902,3032,6613,5204,4351,4699,4794,4390,4420,5068,5670,8429,5078,4164,6347,5681,4621,5176,4969,4911,4124,4208,5347,5253,3783,3296,4542,5640,6192,5716,5902,5279,5146,6282,6149,5117,5062,3773,4164,4728,3277,6792,5935,4748,6037,2637,1437,1757,1449,1389,1317,1131,1172,1149,1090,900,1054,867,3183,6016,3983,2226,2314,4919,13255,7906,7968,5599,5563,6805,14065,7484,5632,3724,4500,6281,5266,6556,6237,5735,4511,3126,2833,4542,2367,603,3177,5511,5047,6801,4463,4656,4491,3787,5782
18,1511,1901,2399,1817,2943,1091,753,1898,736,548,326,315,1094,802,1367,965,583,1611,1378,1215,2129,701,501,831,436,401,373,423,1554,688,576,389,392,379,514,919,1126,1377,1733,2046,1998,1687,1766,857,937,1493,1578,1865,960,538,671,1019,436,506,241,548,648,976,464,775,1474,193,422,396,498,926,493,443,257,341,241,225,146,330,345,289,478,376,882,1031,687,905,1053,878,778,560,1391,701,702,468,507,379,895,1014,991,888,1133,665,1123,744,617,528,1669,1087,837,910,1007,1503,801,1063,899,1188,1322,2060,1474,1246,1443,1386,1831,2037,1176,1076,1383,2397,1344,1579,933,1546,3308,888,267,414,379,559,619,320,245,265,698,1209,1164,804,599,870,739,725,597,382,390,470,685,1203,700,1246,1500,4083,1365,1046,1200,841,1014,1243,1073,985,1464,1092,811,1284,673,727,701,727,795,788,1050,1046,1999,1304,1360
19,581,937,927,1012,1581,607,452,734,1227,1009,1309,1112,768,605,653,1244,468,1183,878,1680,1027,751,748,354,273,108,224,390,440,399,527,250,273,255,285,403,668,1230,2274,1489,1319,1630,1108,621,458,772,822,930,300,304,1247,863,443,368,347,656,724,1056,1080,1052,1155,642,386,509,1014,776,1168,859,1113,1004,572,1170,422,830,1878,1558,2554,2560,2625,1602,1779,1391,1729,1650,2493,1802,3834,1977,2237,1753,2235,1545,1188,1067,419,88,2638,784,1152,443,688,859,887,871,605,1014,1050,1021,438,344,511,697,1330,1465,1100,1272,1050,1297,1982,2121,617,477,1548,2829,2243,1244,1633,488,1004,266,302,414,230,227,1485,778,503,355,328,275,409,650,514,352,168,335,228,536,1053,582,409,348,178,253,221,496,363,308,641,803,828,821,554,839,473,335,516,594,504,177,445,574,899,1092,1118,826,817,988,873
20,506,526,1027,1273,1783,1230,719,693,813,889,1286,1286,1585,1366,2104,1377,1899,2152,2072,1994,2146,1122,1150,1048,443,264,502,401,222,314,705,593,549,762,1113,1641,991,1698,2308,2042,2811,2262,1445,1783,1376,1402,1504,1239,902,801,817,1268,710,1315,866,1094,1918,1802,1283,1004,1337,379,240,594,838,804,789,698,704,353,512,505,1115,957,1771,1516,2034,2262,2901,2023,1453,2383,1568,2252,2287,1614,1705,1706,1287,1934,1390,1362,1821,2884,1973,872,6713,1390,1418,1324,1169,1131,1773,2274,2272,2548,2554,3052,2029,2413,1759,2761,2731,2995,2594,2068,2544,2399,3304,3070,1695,1509,3044,3643,2781,2614,2256,4439,3080,3860,2836,3161,3112,2500,2024,1999,1720,1659,1584,2018,2247,2128,2103,1938,2214,1892,1377,1731,1609,2914,2882,2607,3970,4241,4315,3166,3367,4359,3998,3859,3257,3440,2994,3066,3766,2782,3120,2817,2228,381,2057,2449,3148,2707,2193,1485,2053,2645,2711
21,0,0,0,0,0,0,0,0,0,0,0,0,1261,324,325,237,668,844,752,1114,960,859,942,947,1054,479,698,1066,798,865,744,711,506,393,321,839,338,385,1023,1335,1418,1817,1439,1089,1598,785,1258,1946,850,260,995,1145,994,825,1064,1186,965,1532,1163,1501,4144,5632,917,1408,2464,2231,2086,1688,1853,1775,1412,1277,434,1087,1916,1810,2260,2028,2097,2314,2275,2945,2356,2842,2137,1075,3118,1652,2320,3534,2712,3447,4023,4159,3747,2601,2095,1523,2881,3159,2102,2553,5491,4505,3168,3593,4201,6843,5655,2192,3964,4927,6323,5880,5161,5454,4929,6123,7506,6575,5706,1007,10528,7837,8407,10422,8584,7936,10951,3931,4241,6877,4135,5096,4534,5356,2640,2871,1731,2784,3047,2539,4896,5208,2826,1869,4086,5654,5632,4473,4224,4076,4772,3639,3362,2320,8220,6165,11814,17859,4071,4927,12552,3837,4376,3855,4176,3732,2792,561,2911,4983,10944,5306,4527,4591,4190,8322,5167
22,349,436,689,577,409,362,283,309,411,413,433,393,359,252,549,483,422,652,631,956,926,617,524,289,231,123,224,175,323,267,243,290,221,200,251,350,231,326,398,956,914,850,904,846,918,979,804,1111,690,165,468,698,390,165,687,476,711,1612,1340,912,1062,146,185,212,329,531,474,470,448,338,291,328,151,327,403,404,529,312,897,735,984,814,865,1140,940,546,1622,1109,873,954,741,953,1350,2047,2028,1283,664,767,567,735,544,627,572,806,963,923,1106,1092,674,409,772,958,1104,1145,1340,1693,1171,1085,1656,1597,1037,556,1630,2090,2179,2045,1873,4575,4959,4758,2157,3856,2874,1444,2793,1908,2115,1608,1209,942,1365,3561,2880,4092,2463,2292,3000,3868,1267,874,432,363,360,169,766,386,224,110,273,393,602,626,603,319,384,978,569,838,481,166,383,1198,552,754,512,825,642,460,665
23,1960,1265,2069,2379,2451,1941,1449,2892,2073,1730,2917,3064,1923,1425,1668,2169,1853,2284,2819,2446,1331,1462,2492,1533,894,399,794,1034,1225,1160,1369,1417,902,1030,1803,2004,928,1504,2597,2784,2645,2436,2591,2366,2791,2551,2071,3411,2824,1457,2936,2316,1448,1345,1961,2489,2353,2844,2512,3197,1672,869,1146,654,1729,1289,1078,1356,329,1310,1292,1822,653,984,1649,1631,2520,2310,2357,2165,2051,1548,2220,2065,2149,788,2448,2014,2574,2042,1723,2294,2027,2031,3871,3223,2347,1288,2305,2174,2039,2057,1896,2562,1647,2390,2459,2830,1859,1771,1951,2688,2832,3021,3786,3569,3618,3984,3951,4825,3344,2087,4417,6199,5475,6492,4729,7575,9248,3593,5428,5952,1986,2254,2395,2310,2180,4393,5276,3720,5585,3502,2892,6459,4252,2430,3117,3145,3892,5683,4219,4057,4357,4490,6183,10083,4584,2750,5708,8388,7314,9133,7851,5934,6346,4769,6623,7457,5191,111,3176,6537,7622,7022,7423,7415,0,0,0
24,2604,2225,4580,4560,5148,4216,3416,3351,3671,4792,5071,3432,4555,1745,4237,4044,3833,4587,4575,4548,4220,4148,3671,2172,1787,974,1936,1050,1314,1663,1671,1072,990,1300,1939,2190,1350,2106,3844,4479,3199,4922,4802,3996,4145,4098,4396,5102,6113,1116,3628,5379,3328,2004,2148,3019,3662,4124,4621,4181,3898,1723,3191,2122,2994,3296,3037,3281,3382,3907,4000,3615,1961,2418,3987,4277,4228,5275,5820,5315,4707,5134,4957,4916,4562,2516,5456,3767,3407,2642,2638,2151,2209,2139,1761,4782,4079,4087,6705,5203,4352,5276,5318,6009,7486,8636,8947,8485,5593,4065,6617,6831,7960,8061,7724,8037,9912,11278,13137,11653,9756,7273,14491,15831,11327,14492,11542,11222,7732,9081,11482,10060,6771,5190,7701,9453,8405,7745,7905,6539,6879,7405,9110,10451,7498,3753,4255,5802,5128,6841,5623,6403,5514,7024,8335,9319,5569,5030,6046,6998,7366,8836,14450,8016,8795,10094,9129,10369,6722,0,0,2678,5841,5557,10014,9535,9588,9719,11856
25,1573,713,1757,1804,1475,1718,1800,1882,2249,1307,2509,3580,2734,2171,2289,2390,1086,2582,2362,2374,1274,1750,2498,2180,2756,881,1074,1143,1132,1000,791,769,563,576,563,907,864,590,925,1206,1479,1937,1188,1463,1324,2400,4423,4246,5004,1746,3601,4045,4651,3016,2873,1994,2745,2129,3604,6419,4783,1573,3483,4057,2957,2741,3641,3162,2828,2251,2594,2223,1239,1392,1954,2483,2378,3529,3323,3879,4209,2562,4727,3874,4620,2284,4685,5167,4192,5011,3782,4810,3946,4125,5566,3905,4323,2860,4056,3785,3948,3270,2951,3601,2394,2473,4222,3816,5324,3258,4291,5670,4925,4894,5811,5707,5710,5067,6250,5675,6355,2629,5578,7298,7248,7975,6981,5513,5484,6052,9217,9767,5740,6029,6757,7409,6773,5644,6446,5361,5077,3231,4083,3757,3997,4116,8419,9387,7704,8583,6358,5559,5923,4702,7887,8751,6375,2985,5940,5939,4692,4654,3940,4459,7838,6969,8709,6939,5563,970,4942,6183,5212,4778,6111,7390,7835,4916,7188
26,2194,1470,1868,1642,1683,2562,1393,1492,2109,1644,2739,2253,2711,2574,2291,2564,1876,3129,2686,3339,2610,1808,1583,1252,1264,712,1352,759,969,1752,2393,1143,1153,2505,2099,3088,2755,3659,4041,4530,4913,3990,1915,6481,3524,1892,2592,2845,1813,2039,2131,1830,2108,2105,1344,1622,1795,2285,3053,2842,2603,2123,3037,2368,2359,2583,2687,2920,3077,2073,2996,2136,1783,1346,1922,1827,1912,2686,2886,2661,3441,2414,3223,3270,2627,2342,4291,4812,3099,3216,3315,3327,2385,1871,2143,2060,2293,1502,2141,2906,2253,2179,2981,2397,2376,1511,2474,3051,2748,3465,2915,3880,3309,3655,3883,4730,4271,2860,3959,13536,4081,2300,3597,5177,5087,5511,4877,4911,4094,4750,6292,5748,5975,2925,4237,4904,3855,3588,3705,5015,2863,2313,3346,3573,4704,4444,3019,3924,4359,4338,4100,4353,4697,4377,5401,4217,8412,2705,4184,5172,3905,4224,4522,8902,4525,3841,4296,4043,3531,590,2995,3240,3107,3462,3831,4665,5084,3750,6488
27,2566,1179,2671,2467,2709,2087,1217,1264,1970,2037,3139,3128,3443,2480,1359,2495,2060,1908,1675,1379,860,430,468,477,583,149,474,952,829,964,547,682,712,808,853,1716,1076,702,1643,1744,1540,1256,1210,478,318,446,467,297,686,181,169,300,102,111,90,241,411,226,258,297,554,148,396,118,179,305,486,255,120,244,161,225,244,214,317,612,810,414,315,674,374,404,561,528,547,279,381,312,428,538,1030,784,441,570,1644,303,283,303,243,327,343,258,330,265,439,319,686,918,880,673,484,591,612,1131,1346,2008,728,657,988,1167,1432,547,1350,806,488,462,494,397,278,499,465,377,400,128,524,199,446,428,465,393,594,480,368,622,698,380,595,535,473,760,962,839,607,404,477,793,898,491,926,1195,1493,1498,1453,1339,726,1309,1256,2207,2232,2232,1628,1628,1327,1562,1576,2070,2043,1703,2943
28,651,1052,951,1306,833,1212,785,1081,962,1226,1011,1009,1013,755,1137,1062,2061,2473,2063,2608,2017,1866,2391,2696,2540,988,1127,1251,1506,1917,1348,1160,1173,998,1520,1910,1543,1970,3130,2995,3088,1658,3032,2840,2638,2489,2718,4783,1529,682,1458,1866,1676,1237,1388,1034,1251,1899,1782,2391,2894,4059,295,404,692,930,1098,1179,909,916,909,857,599,753,1093,1186,1734,1619,2076,1835,1775,1679,1698,1810,2055,958,1780,1883,1871,1305,1730,2091,2223,2665,2364,2494,1953,1344,1912,1616,2761,2157,2070,1652,1715,2458,3473,4693,2958,2128,2543,2563,3535,2791,3169,3686,3445,4250,5742,4763,4451,2036,3313,4924,4916,4849,5721,10393,4089,6644,7200,8552,3569,2943,5169,4596,4316,4081,5555,4830,5244,4778,5295,4870,4586,3783,3361,5077,4334,4350,4138,4286,3820,4087,5700,7014,7984,5328,4060,5640,6786,4284,6515,4887,6001,7657,13280,8512,7151,632,4290,5968,5943,5704,7634,5398,4856,4626,5037
29,199,180,291,188,405,358,300,328,330,250,251,557,709,308,391,530,692,991,649,529,423,227,310,315,410,177,365,715,565,355,431,334,323,212,145,265,484,229,524,637,689,638,786,603,469,403,539,546,852,546,576,758,739,463,423,240,188,198,188,247,85,165,455,211,297,416,540,679,485,366,541,425,364,424,500,482,412,552,410,418,403,421,334,246,371,180,194,214,252,546,598,473,465,369,547,435,578,311,487,486,431,478,359,322,334,316,506,524,346,275,286,395,467,534,338,171,499,379,417,381,346,136,364,346,347,297,383,824,625,783,814,994,337,722,1080,1641,1867,960,566,425,588,753,659,796,728,535,1062,1297,1732,1433,851,404,561,564,576,662,568,666,1165,812,1007,927,598,1011,630,524,575,804,599,82,404,429,528,692,536,483,556,619,509
30,292,237,437,418,605,670,323,390,415,474,477,814,727,328,754,797,740,662,565,564,823,577,891,732,1176,342,700,623,1158,690,712,513,407,463,329,430,255,398,773,620,921,1018,918,764,762,597,835,1157,1741,991,1158,3735,84,175,141,174,188,358,359,416,772,1570,140,267,368,418,463,413,437,475,315,359,351,404,712,692,1268,982,1150,1001,849,828,2340,1081,932,654,1660,1047,1778,814,1159,901,872,1837,1628,1489,1490,671,1179,872,956,865,782,758,1225,1045,1298,875,665,400,521,783,674,622,478,433,445,348,409,405,462,275,432,651,501,537,349,272,1246,1754,2142,2550,2032,1971,2865,1443,1012,934,729,916,966,826,606,376,402,210,404,259,236,590,666,415,882,943,1297,1688,1015,477,1578,1206,1042,2453,1695,2768,1784,1486,1668,1782,2122,370,3672,592,956,881,1785,2574,1745,0,0
31,175,344,417,239,198,123,71,89,78,115,157,325,232,195,279,159,104,269,67,126,110,174,198,241,314,398,378,168,206,147,100,91,72,222,159,216,434,673,529,455,546,393,346,333,398,376,744,1049,956,437,443,191,84,52,42,49,195,140,135,185,494,761,473,92,78,55,47,68,52,126,67,153,194,274,224,112,112,112,63,101,76,135,347,313,501,462,479,294,221,121,173,216,119,264,308,298,213,301,242,146,93,133,60,56,65,122,130,139,151,201,196,163,108,87,100,76,80,161,127,176,197,105,211,146,105,47,48,57,60,182,235,603,567,1115,1054,522,157,204,166,208,413,434,423,459,590,414,438,372,193,376,237,62,80,44,162,72,64,145,284,252,208,312,223,137,119,390,296,588,369,0,165,236,206,233,228,292,211,239,231
32,2520,2327,2994,2540,6079,3348,2724,3113,3632,5829,5065,5904,5302,2878,5206,5823,6959,6292,10622,11662,10804,7999,7507,5112,3880,1983,3103,3351,3930,2093,3071,1820,2148,5146,3324,2580,2415,4145,6194,8377,6717,5848,5925,4964,4661,8994,5853,6165,4897,2750,4884,8203,2527,2999,4279,4633,5875,9052,5052,4854,5409,2297,3433,4890,3342,2563,2368,3088,2724,3586,3568,3918,2127,4948,4380,5282,3146,5840,5212,4732,4216,5068,6140,6815,4891,4304,6175,6075,4825,3844,4012,5490,4128,7564,4948,4353,3799,2974,3524,5853,3425,3469,4455,3385,5046,7612,5186,5608,2945,1916,2763,6692,6335,5046,3792,4884,3770,4874,5295,6096,4661,3480,7279,7841,6014,4368,4062,4509,4584,8902,10312,8450,8281,4903,5452,8561,8705,6220,4648,4153,5693,7372,7285,8738,8362,6574,7595,8562,8853,10399,9167,10737,9783,10456,7980,11279,10154,5633,10827,15035,12950,13177,11239,9398,9387,10737,8378,10713,8974,264,5888,7985,11007,11625,9374,10403,9976,11181,12311
33,1898,1741,2469,2703,2901,2571,2842,2495,2744,3255,4427,5360,5087,2107,3533,3588,3679,4311,5077,5806,4561,3107,2825,2091,1450,722,1425,2167,906,868,1234,1049,961,945,1160,1528,1324,1936,3277,3307,5591,2213,3004,2666,2730,2497,4242,6319,701,1184,2034,2427,1647,1282,1057,1637,3108,3702,4490,3075,4253,3406,792,1119,1315,1140,1299,1401,1477,1707,1544,1419,753,1231,2212,2006,2540,2168,3117,3390,2983,1841,3273,2860,3107,1813,4004,4983,2752,2909,3196,2820,2311,2523,2710,2608,2100,1528,2989,3023,3216,1899,2490,2187,2024,1916,2419,2905,1771,1258,1733,2051,2543,2564,2705,2629,2278,2095,2844,2375,2190,1404,2792,3157,3651,3256,4197,3272,4683,5459,2762,2438,2213,1401,2871,2918,3161,2747,3007,2038,2269,1403,1917,2063,1938,969,1874,1739,2328,1336,898,2061,1108,818,1122,3987,2617,1504,1981,1410,1215,1370,2039,1185,530,720,1111,1493,1551,918,1308,1416,2157,2158,2148,2996,1525,961,1321
34,513,439,578,484,645,496,481,770,801,804,797,1218,725,317,784,671,847,983,1286,1609,2252,1502,1422,998,795,324,628,751,884,956,1156,805,811,991,939,1876,1126,1263,2677,3170,3424,3964,3252,3235,3467,3135,3428,3400,1883,1172,3558,3340,4227,2878,1406,2345,2968,2209,2978,3282,2297,1051,1724,1676,1579,1626,2151,4069,2893,1944,1819,1038,1985,1051,3068,4731,2921,1729,7533,3714,3350,4164,3103,3714,4860,2308,2918,2756,2986,3897,3622,2584,2895,2550,2546,3010,4238,2663,3586,4321,2644,1701,2289,1760,2454,2345,5215,2497,2274,1536,2368,2166,2732,3068,2688,3537,3224,3157,4889,3871,3532,1347,2628,4752,3356,3607,3861,3480,4521,4978,4220,3691,3507,2511,3862,5458,3530,5324,3830,2890,4503,2646,2609,2001,4373,3176,4155,3574,3307,3902,3592,3485,2372,2485,6029,3878,2545,2088,2051,2703,2598,2488,2298,3003,2445,3295,2825,2134,2316,476,2556,4613,4813,3466,3572,3766,3817,5261,4376
35,1278,893,1374,1413,1973,1798,1253,1820,1274,1701,1099,2113,1584,1019,1278,1326,1201,2276,1324,804,1067,989,1517,1575,727,295,573,385,529,401,430,251,304,253,267,355,178,202,309,407,513,651,620,382,437,272,512,387,79,726,517,352,208,266,268,164,236,442,968,3001,3018,1110,57,266,891,331,223,402,819,683,736,867,355,1479,2685,3438,5544,4527,1527,1236,1622,1365,1771,2146,2158,858,1718,1873,2116,1150,2502,1773,2946,2674,2968,3504,2463,972,4525,2546,1506,1826,2740,1813,2225,2136,2350,3927,2157,1875,1589,2386,2149,2246,2115,2281,1897,1360,2187,2966,3013,787,1167,2474,1969,2132,2584,2399,2631,3717,2829,3046,2867,1280,3479,3582,3547,3198,2903,2723,1622,1328,7815,4178,2561,2269,1976,4275,4145,5079,3268,2786,4220,3970,3295,4962,3607,1775,2954,4568,4190,4719,5447,5270,5369,4746,3620,4071,3791,280,1743,2836,4453,5388,4118,4018,5018,4429,4264
36,273,1322,2822,2435,2700,1895,2152,2358,2809,2945,3375,3367,2340,1493,3036,2973,3302,3756,3312,4349,4578,3585,4241,4133,2796,939,2050,2571,2098,2280,2087,1940,1883,1976,1825,2820,1456,2677,3906,3958,3827,4827,4366,4896,4811,6808,7030,13505,4459,2393,4798,6108,4533,3366,3507,4845,5235,6039,7559,6919,5662,5195,1369,2054,2646,3647,4070,3139,3270,2900,2760,2213,1080,1910,3168,1984,2991,3394,3011,3345,3156,2631,3898,3265,2856,1553,3444,3764,3867,3388,3478,3111,2706,2783,3256,3813,2336,1789,3066,3163,2660,2520,2824,2636,3671,3422,3711,4657,3362,1799,2433,3073,3694,3354,3915,4332,1246,716,4906,4090,3126,1557,3795,5435,4328,4615,3849,3813,5275,7518,6095,6070,4492,4359,4476,7084,2715,3690,1917,1409,1692,1230,1879,2304,2410,1503,1649,2347,1990,1716,1584,5521,5468,3657,5433,6083,5582,2519,3324,3720,3272,3558,3017,3238,2318,2369,3847,4001,2671,304,1375,1976,2504,4215,3736,4968,2525,2868,4158
37,105,95,229,227,239,459,213,217,70,306,339,169,101,73,356,491,465,536,995,859,944,702,843,558,353,168,709,461,768,665,345,302,365,327,390,424,163,358,627,870,960,754,1060,1069,779,719,758,910,774,219,752,462,275,473,576,618,1162,651,511,278,150,130,933,55,76,125,574,647,1144,826,543,416,247,194,435,553,449,488,771,913,822,776,77,1834,1161,421,1119,1062,1025,1056,1308,1704,1433,1084,1567,1262,2016,1191,1071,1221,997,1024,1421,1318,2106,1703,1353,1292,822,495,805,1811,1950,1768,2315,1514,1451,1641,2347,1524,1669,688,2425,1992,1762,1750,1612,2192,2241,2149,2949,2833,2171,1909,2103,1247,868,1910,1836,2300,1339,827,1252,1702,1389,570,1158,1412,857,1973,1969,1535,1264,1060,1675,1806,1729,730,1614,1645,1370,1881,1258,1645,1534,2511,2875,3074,1686,474,1821,2595,2728,3967,2963,3659,2872,2930,2930
38,197,217,465,587,1083,879,587,803,852,1546,1170,865,733,446,617,774,857,998,1399,1827,1733,1407,1339,853,808,266,684,561,717,607,835,771,757,723,655,608,258,426,718,596,501,565,477,528,500,359,342,341,302,415,2124,1579,1063,1346,1109,1166,2766,1827,2378,1382,449,1094,2496,1022,1042,1049,2293,1540,1913,2403,1396,1512,408,498,1057,808,953,923,1183,1401,1545,1858,1941,1174,1154,390,1035,1055,1040,930,1096,1329,1389,1491,3309,3753,4596,419,650,903,671,898,765,895,1194,1079,1920,2203,899,770,996,1498,1469,1121,1195,1849,1456,1245,1656,1588,1496,415,1436,1436,1246,1228,1560,1848,2169,2910,2067,1750,860,951,1853,1620,1608,1709,1364,1471,1172,2238,2389,2015,1572,716,1583,1496,2211,3164,1549,1256,1565,2365,2046,2194,969,347,935,1574,1223,2163,2147,1708,1968,2685,1881,1841,1226,28,1560,1733,1289,1223,1455,2534,3080,2272,1992
39,378,275,808,721,761,716,898,930,1063,1101,825,976,690,351,733,1255,479,581,205,579,294,1137,1930,1069,722,401,824,1097,771,1001,1157,975,592,607,640,340,191,345,580,606,981,1315,1394,1303,827,753,801,1081,398,187,291,264,273,409,251,973,2039,759,662,623,175,200,166,382,439,340,272,149,86,60,1076,617,519,744,843,507,690,851,1246,992,1272,1345,1663,1272,1191,650,1515,1173,997,1001,1377,1155,1144,1686,1962,1226,969,730,1153,1883,1174,1003,1147,1397,1515,1084,2022,1538,1231,1001,1213,1554,1519,1719,1969,1965,1642,1822,1486,1737,1593,686,1776,2026,1878,1629,1665,1853,2100,2433,2000,1888,1082,1239,1672,1741,1793,1627,1809,2190,2406,2033,2159,1545,1295,897,1704,2156,1715,1822,2314,1778,2197,1917,2779,2419,1919,994,1949,1553,1710,1942,2037,2923,2913,3283,2787,3777,1768,187,1426,2643,2001,4061,3120,1404,2730,3383,4051
40,183,203,370,376,454,518,610,558,868,915,824,398,392,172,485,188,771,786,1165,1747,797,1442,3228,1806,944,258,739,563,657,490,1083,766,834,876,857,1114,725,831,1815,1871,2071,2428,1642,2111,1501,1981,2215,2200,1743,688,1127,1104,780,1153,1424,2800,2356,3652,2880,2680,2259,868,1867,1335,1068,1031,1520,2062,1693,1653,1739,885,2257,766,1162,851,1309,1349,1329,2281,1655,2107,2897,2080,2752,1253,3248,2079,2291,2665,4085,3298,2665,2520,2217,2430,1299,759,1232,913,1101,1039,875,1202,1093,1528,876,1501,1424,480,1908,1577,2690,1375,2198,1002,2072,1851,3457,6062,1856,755,1318,3894,2461,2442,1766,2116,2945,3109,3087,5268,864,1052,1508,1925,1932,1781,2279,3683,2857,2519,3383,3381,2155,864,844,2109,1415,1625,1771,1355,3262,4066,3982,5084,1832,969,1842,3028,2844,1725,1714,2391,3078,3014,3591,5188,840,0,1042,3592,2641,3420,5880,0,6396,6000,5797
41,0,0,0,0,0,0,0,0,0,0,0,0,0,0,0,0,0,0,0,0,0,0,0,0,0,0,0,0,0,0,0,0,0,0,0,0,0,0,0,0,0,0,0,0,0,0,0,0,0,0,0,0,0,0,0,0,0,0,0,0,0,0,875,829,462,296,714,1168,1199,765,852,663,161,316,478,427,576,1062,1013,1021,955,1176,569,667,967,397,896,947,947,764,1036,1182,1032,1189,1311,3321,2349,1455,1316,1914,781,978,851,3500,830,1023,1443,3417,2349,1779,2226,4233,4659,4950,4806,4305,1458,1258,1203,890,699,418,1116,1248,1042,1098,1409,1062,533,600,1356,1181,519,436,889,1606,1637,679,530,454,457,372,311,574,196,308,489,2496,5238,1602,900,1699,3595,4761,1614,1854,3441,1311,3196,1586,2556,1935,3265,3504,1512,1770,3848,3396,3160,556,0,0,0,0,0,0,0,0,0
42,0,0,0,0,0,0,0,0,0,0,0,0,0,0,0,0,0,0,0,0,0,0,0,0,0,0,0,0,0,0,0,0,0,0,0,0,18,123,168,150,318,547,1022,728,922,807,1007,394,1055,214,571,1230,1073,782,509,478,465,803,672,691,1366,1019,1038,399,631,407,338,588,401,289,365,407,147,370,673,378,426,518,688,818,417,374,324,303,248,110,496,403,403,282,282,294,229,246,130,158,244,150,278,469,152,188,164,259,115,119,418,201,183,126,166,333,855,506,388,341,281,288,289,267,302,36,222,158,125,102,120,80,83,226,209,133,61,108,207,120,61,47,73,76,83,23,29,29,41,7,36,37,41,49,91,55,36,276,349,290,219,90,204,284,349,698,551,790,547,394,1372,906,440,71,527,687,943,1581,1026,1077,895,776,555
43,0,0,0,0,0,0,0,0,0,0,0,0,0,0,0,0,0,0,0,0,0,0,0,0,0,0,0,0,0,0,0,0,0,0,0,0,0,0,0,0,0,0,0,0,0,0,0,0,0,0,0,0,0,0,0,0,0,0,0,0,0,0,0,0,0,0,0,0,0,0,0,0,0,0,0,0,0,0,0,0,0,0,0,0,0,0,0,0,0,0,0,0,0,0,0,0,0,0,0,0,0,0,0,0,0,0,0,0,0,0,0,0,0,0,0,0,0,0,0,0,0,0,0,0,0,0,0,0,0,0,0,0,0,0,0,0,0,0,0,0,0,0,0,0,0,0,0,0,0,0,0,0,0,0,0,0,0,0,0,0,0,0,0,0,0,0,0,0,0,0,0,0,0,0,0,0,0,0,0
44,0,0,0,0,0,0,0,0,0,0,0,0,0,0,0,0,0,0,0,0,0,0,0,0,0,0,0,0,0,0,0,0,0,0,0,0,377,480,1284,2069,1763,3758,1404,2235,2447,2023,3124,2324,1452,502,1758,1693,2041,1343,1403,3361,2485,3434,2435,3852,990,409,1324,988,1638,1750,1654,1356,1401,1825,1854,1510,338,803,1411,1549,1613,1415,1395,3553,1853,3674,2105,2703,1463,637,3006,1326,1454,1554,1322,1555,1263,1436,1601,1158,819,616,864,866,956,653,951,701,5180,960,785,965,866,468,757,1045,1389,1065,1655,1179,1365,903,918,954,949,404,1204,1750,1264,1983,1301,1858,1577,1970,1939,2294,1031,759,1309,1447,1211,1189,1386,2044,1822,1602,1707,1708,1054,642,1092,1478,2121,1758,1705,1708,2544,2451,2051,1778,1904,912,1596,2110,1513,2097,1866,2209,3414,2964,2273,1509,1035,181,1307,1411,2095,2421,2085,1622,2160,2127,2626
45,0,0,0,0,0,0,0,0,0,0,0,0,0,0,0,0,0,0,0,0,0,0,0,0,0,0,0,0,0,0,0,0,0,0,0,0,33,73,173,129,118,302,369,144,397,471,167,324,207,120,138,200,208,477,272,139,184,205,473,175,310,60,150,77,95,127,147,149,171,61,129,40,0,27,45,81,76,66,210,200,270,291,241,848,476,151,378,287,350,817,437,663,674,711,653,290,183,116,156,463,317,286,352,307,403,432,371,393,152,200,270,529,353,379,532,364,390,534,612,420,428,192,561,565,468,483,514,402,878,844,435,425,201,228,253,304,483,447,215,306,286,290,183,149,213,100,149,155,292,239,147,125,224,684,554,215,189,169,309,362,430,380,426,529,480,453,288,305,188,0,221,312,441,581,368,434,890,1052,623
46,0,0,0,0,0,0,0,0,0,0,0,0,0,0,0,0,0,0,0,0,0,0,0,0,0,0,0,0,0,0,0,0,0,0,0,0,74,91,205,263,366,442,653,719,393,314,211,203,200,88,153,155,239,295,541,529,447,504,437,406,352,156,232,869,491,252,274,577,520,490,202,265,80,198,816,718,711,540,1320,681,1104,681,768,210,308,50,178,154,180,144,166,126,276,212,154,186,86,75,91,84,113,67,69,68,92,42,54,467,291,280,347,410,450,459,362,496,388,313,280,278,162,75,199,298,275,152,342,249,346,236,227,261,145,149,237,169,500,172,142,278,493,557,439,297,314,230,225,375,319,626,385,751,891,638,763,483,656,194,420,280,547,797,1425,1334,1080,707,655,452,645,137,185,290,301,229,511,661,657,440,382
47,0,0,0,0,0,0,0,0,0,0,0,0,0,0,0,0,0,0,0,0,0,0,0,0,0,0,0,0,0,0,0,0,0,0,0,0,1477,510,2573,1179,1653,1838,1809,1451,795,797,1821,1287,608,702,866,250,315,419,339,258,643,854,789,4155,1307,213,1259,575,416,928,1347,4193,1858,659,792,1785,507,1147,544,1206,626,902,1353,906,1217,1420,1241,1342,1244,557,1476,4017,8492,4623,1314,1319,1571,1421,1046,987,657,511,1043,1029,1410,508,1146,1100,913,1180,1626,718,761,344,515,719,612,1377,640,525,653,520,639,767,732,95,711,641,602,589,544,432,923,315,673,401,244,212,289,397,648,458,709,401,453,424,366,423,192,127,310,352,212,625,418,741,690,677,486,268,313,166,971,295,329,332,255,375,542,349,400,321,185,0,188,541,455,1182,412,530,394,473,479
48,0,0,0,0,0,0,0,0,0,0,0,0,0,0,0,0,0,0,0,0,0,0,0,0,0,0,0,0,0,0,0,0,0,0,0,0,204,109,230,247,265,406,485,757,828,722,791,520,269,156,360,642,436,521,917,1209,948,638,549,647,412,301,515,736,538,582,660,562,531,530,690,677,157,621,662,687,627,823,886,1032,1033,936,1115,909,801,391,1135,1184,949,992,1070,941,1410,936,960,617,565,330,568,741,648,675,618,816,473,963,943,765,705,420,585,1164,1022,1115,1150,1288,1145,981,1270,1014,665,333,1075,1238,839,908,861,958,1119,996,876,1324,455,465,715,863,804,953,877,910,971,681,947,769,675,427,631,816,749,1024,2170,1197,1333,929,1233,975,643,491,985,1162,633,910,1717,914,1205,1064,1448,913,641,126,590,700,452,841,1408,1190,1104,687,1091
49,0,0,0,0,0,0,0,0,0,0,0,0,0,0,0,0,0,0,0,0,0,0,0,0,0,0,0,0,0,0,0,0,0,0,0,0,44,62,71,86,63,126,57,80,92,186,399,398,33,6,39,80,67,73,139,98,125,209,439,124,35,79,182,183,135,260,356,424,304,287,233,194,131,298,131,462,305,283,269,642,455,726,566,412,285,131,244,465,153,162,188,266,497,668,392,439,200,92,312,275,1005,419,176,284,222,493,200,148,86,68,133,74,362,333,433,322,316,299,367,107,184,29,166,339,369,204,113,167,315,614,0,190,176,220,105,828,426,134,186,134,149,596,105,86,35,24,52,73,85,232,89,104,79,264,202,102,41,80,62,32,58,55,92,188,204,92,127,102,40,2,46,99,88,78,201,147,411,168,93
50,0,0,0,0,0,0,0,0,0,0,0,0,0,0,0,0,0,0,0,0,0,0,0,0,0,0,0,0,0,0,0,0,0,0,0,0,193,203,251,266,473,298,579,787,1036,169,203,326,320,177,536,609,504,521,412,343,1284,734,553,239,389,236,316,296,525,731,787,495,416,346,513,314,256,652,894,302,260,291,547,441,580,490,233,589,291,334,324,256,493,1128,357,1023,3357,1725,1494,1524,798,405,723,950,519,573,699,564,1044,564,402,741,432,417,0,1164,684,510,678,564,426,411,453,534,189,231,591,483,465,306,86,324,288,255,414,345,46,34,52,89,297,303,498,345,267,0,0,0,0,0,0,0,813,612,450,0,0,0,0,0,0,0,0,591,171,225,351,378,516,465,381,273,0,0,0,348,0,0,0,0,0,0,0
51,0,0,0,0,0,0,0,0,0,0,0,0,0,0,0,0,0,0,0,0,0,0,0,0,0,0,0,0,0,0,0,0,0,0,0,0,0,0,0,0,0,0,0,0,0,0,0,0,113,76,271,345,232,632,473,627,500,437,466,551,459,134,300,261,446,352,241,430,441,628,426,100,0,108,171,131,241,200,297,384,974,608,800,727,425,136,546,488,433,340,433,379,417,808,1040,856,598,386,784,1126,720,978,948,782,1650,646,604,752,1280,676,1106,828,2168,326,928,884,1934,632,934,996,1240,806,866,3288,780,900,614,1230,1604,1208,2152,1178,654,756,1008,1072,568,408,424,488,892,354,382,149,886,282,369,1024,442,338,614,800,291,1242,1580,230,426,336,624,908,534,320,938,848,504,646,832,380,116,0,44,152,44,78,2212,1146,380,328,1024
52,0,0,0,0,0,0,0,0,0,0,0,0,0,0,0,0,0,0,0,0,0,0,0,0,0,0,0,0,0,0,0,0,0,0,0,0,129,74,196,300,367,922,726,910,630,895,1038,1832,786,211,510,776,462,461,627,328,708,875,872,1011,735,364,753,579,1083,1241,539,914,401,504,566,255,126,489,517,500,895,906,1189,1012,1011,1011,1096,1044,1111,558,1467,1516,1798,1489,1944,2059,1430,1691,2037,2073,1133,593,905,1046,1237,915,1019,960,1531,1431,1378,1641,1099,673,910,1424,1641,1897,1960,1515,1904,1825,1807,1556,1457,677,1513,2130,2087,2207,2457,1933,1875,2677,2154,1974,1721,1155,1843,2679,3206,2151,3995,2190,3471,3618,2477,1967,2888,1312,1657,2165,2251,2864,3379,4001,3178,2704,3674,3179,2257,1034,1696,2659,2148,2590,2435,2028,2770,2262,1903,2987,1158,51,871,1975,1913,2489,2924,3007,2328,2294,2185
53,0,0,0,0,0,0,0,0,0,0,0,0,0,0,0,0,0,0,0,0,0,0,0,0,0,0,0,0,0,0,0,0,0,0,0,0,340,819,1507,1218,1347,1803,1455,1374,1586,1786,1827,1768,1620,501,1201,1293,1476,1869,1971,1510,1558,2469,2085,1824,1231,657,1144,1065,1843,1648,1936,2075,1025,2235,1695,1405,248,1510,625,628,883,781,1242,1130,1090,935,1536,1492,2240,751,1697,929,1244,853,803,2417,1665,736,1908,807,450,310,558,1386,1601,943,1172,1043,1029,842,1005,707,645,277,478,896,1066,909,855,962,895,850,924,843,572,334,802,1250,871,812,539,524,646,438,441,512,395,445,418,573,2504,1866,1788,2011,2145,1261,1440,1050,1210,819,2214,3828,2942,2570,3860,4924,6744,2972,4590,6008,4944,1533,2998,7368,5218,8520,5454,7588,4892,8812,3800,5224,2301,0,0,0,0,0,0,0,0,0,0
54,0,0,0,0,0,0,0,0,0,0,0,0,0,0,0,0,0,0,0,0,0,0,0,0,0,0,0,0,0,0,0,0,0,0,0,0,21,12,23,16,104,154,349,211,141,247,174,257,360,109,156,259,278,485,456,410,583,730,2323,695,1273,769,1798,969,499,363,301,0,0,0,0,0,0,0,0,0,0,0,0,0,0,0,0,0,0,0,0,0,0,0,0,0,0,0,0,0,0,0,0,0,0,0,0,0,0,0,0,0,0,0,0,0,0,0,0,0,0,0,0,0,0,0,0,0,0,0,0,0,0,0,0,0,0,0,0,0,0,0,0,0,0,0,0,0,0,0,0,0,0,0,0,0,0,0,0,0,0,0,0,0,0,0,0,0,0,0,0,0,0,0,0,0,0,0,0,0,0,0,0
55,0,0,0,0,0,0,0,0,0,0,0,0,0,0,0,0,0,0,0,0,0,0,0,0,0,0,0,0,0,0,0,0,0,0,0,0,491,493,992,693,633,959,1202,1233,1246,1061,2049,7146,1359,867,1277,1051,1030,1288,1256,1142,1128,1458,2850,3322,67,534,2724,1988,2648,2061,1816,2400,1751,1754,1628,1621,632,927,1367,1365,2278,1785,1972,1455,1294,4728,5850,6225,9228,4218,10152,9258,12480,7710,9393,8886,8643,9501,3561,3827,1202,1106,1572,2022,1720,1249,2165,2166,2175,2452,2371,2665,2164,1084,1548,1882,2402,2543,3398,2955,3261,2012,2746,3777,3529,1393,3187,3832,3993,3134,2227,2117,1945,2982,3132,3835,2191,1949,2550,3332,9424,0,3935,11429,4962,3127,4077,3342,2727,1510,2507,2895,3315,3541,2669,2454,1700,1511,1786,1809,1618,1021,1670,1892,2687,2045,1656,1550,1629,1210,1565,1534,1162,77,1018,1610,1614,1954,2127,2103,1926,1886,1809
56,456,162,454,519,775,326,248,263,482,540,458,470,1026,486,685,719,926,813,695,632,848,1169,1070,674,574,270,430,689,579,378,382,314,324,301,458,403,289,584,892,964,1250,878,980,1235,1617,1527,1753,980,719,401,786,795,631,474,502,666,1638,1477,331,894,1161,399,549,473,981,609,460,437,423,305,583,206,151,372,579,477,543,567,815,752,642,753,686,739,917,657,986,991,650,797,611,763,898,1154,840,826,845,813,592,576,536,440,495,602,648,735,969,869,805,659,726,820,821,967,905,811,956,866,1002,1213,1032,795,1710,1673,1472,1570,1080,1140,1440,2424,1834,1365,1632,1869,1841,1215,1102,1225,1201,1293,1150,1323,1591,1259,1546,1540,1569,2027,1530,1477,1318,1285,1577,1773,1059,1115,957,602,870,890,1152,1777,888,1042,640,498,801,1880,1093,0,1041,1409,1136,1313,2025,1998,1941,1810,1903
57,0,0,0,0,0,0,0,0,0,0,0,0,0,0,0,0,0,0,0,0,0,0,0,0,0,0,0,0,0,0,0,0,0,0,0,0,573,960,1257,1372,1939,2914,1850,1862,1139,1096,1816,2307,5928,2044,3828,10556,6124,1960,4860,3248,5408,8108,4180,8148,6783,10136,11137,19460,6979,2799,760,1020,675,1366,1611,703,487,761,1184,860,1158,1692,1698,1598,1243,1545,1427,2265,1176,762,1302,1093,1577,1690,1181,2311,1687,1634,1612,2847,1117,1127,1302,1290,2544,1396,1984,1069,1083,1790,1360,2495,1235,1185,1514,1451,2191,1925,1979,1871,1779,1773,2740,1554,1911,1297,2227,2877,3972,2425,2694,2008,2379,3591,2434,2699,2263,3346,3264,3107,1808,1636,1680,1096,973,2367,1713,2817,3150,1533,1052,2068,2138,1687,1097,1411,2177,2813,2181,2832,2092,1742,1426,1766,1257,1758,2166,1562,2788,1510,1928,1985,1819,0,896,1887,1159,2451,2039,1238,2145,1549,2866
58,0,0,0,0,0,0,0,0,0,0,0,0,0,0,0,0,0,0,0,0,0,0,0,0,0,0,0,0,0,0,0,0,0,0,0,0,793,1410,1859,1854,2271,2293,2493,2621,3307,3340,3565,5188,15160,1450,2674,3658,1945,2213,1487,1862,3895,4598,2973,3971,4124,1834,1830,1563,2001,1303,2244,2058,1896,4318,6009,7773,2919,4306,8190,7911,2853,2891,3551,3119,3024,3229,2933,4050,3736,2315,3741,3157,3631,3088,2658,3333,2683,3007,2853,3802,3423,2218,2349,3115,2606,3141,2960,2887,3137,3655,3176,4689,3264,2454,9570,10038,7106,3535,8253,7413,9075,6195,10257,10371,9447,7605,10794,8146,3441,9174,9720,7851,15621,13920,6508,11565,8211,8790,12258,27116,9375,9243,8571,3612,3036,7086,33066,11805,8187,8277,8220,2649,10008,3561,15213,11802,14274,9573,6975,8250,5775,5388,8922,4541,5410,5890,3645,3957,6588,3103,4474,4339,3554,917,2979,4648,5441,5992,6544,6095,6204,2841,2408
59,0,0,0,0,0,0,0,0,0,0,0,0,0,0,0,0,0,0,0,0,0,0,0,0,0,0,0,0,0,0,0,0,0,0,0,0,114,181,242,382,672,445,533,668,371,595,938,925,150,389,524,507,167,236,185,271,404,467,522,641,365,451,478,403,841,371,360,149,255,2782,390,556,412,468,705,366,548,1114,2145,1014,1017,1476,948,1041,1578,1599,1188,1964,1569,2085,1060,654,788,2966,964,1276,514,1370,674,442,414,806,906,640,822,488,340,542,263,469,515,360,447,655,428,501,540,436,484,439,333,530,784,721,880,609,596,801,646,1376,520,1017,815,820,483,1011,914,2145,1802,1425,1618,1076,703,785,641,1111,1299,1208,1990,2079,1347,1013,832,820,936,790,843,643,512,353,450,650,1134,835,744,639,566,875,551,271,717,513,479,828,965,581,575,571,482
60,0,0,0,0,0,0,0,0,0,0,0,0,0,0,0,0,0,0,0,0,0,0,0,0,0,0,0,0,0,0,0,0,0,0,0,0,192,429,601,752,1025,1152,443,741,682,1114,786,702,287,324,601,654,352,321,280,488,733,1054,975,891,609,424,488,345,482,447,741,621,650,617,194,615,553,538,480,773,978,909,780,660,706,1178,760,853,1409,1018,1431,966,1057,1062,1118,942,1078,1656,1038,1499,1155,1439,859,702,795,1093,897,1049,750,1218,1210,1377,845,949,1285,1260,1402,1194,1235,1137,1082,1825,1243,1104,1029,1748,2146,1995,1830,1775,1910,1897,2322,3402,2108,1996,1507,2997,1631,2969,3865,1810,1332,933,368,209,846,1051,579,801,477,699,1295,1851,1388,1437,1390,1157,1386,896,940,2492,1696,1587,1359,1489,1424,1495,1371,1598,1281,1446,1409,136,1288,1513,1533,1411,1885,1746,1277,1503,1584
61,0,0,0,0,0,0,0,0,0,0,0,0,0,0,0,0,0,0,0,0,0,0,0,0,0,0,0,0,0,0,0,0,0,0,0,0,105,186,183,198,168,1152,400,634,323,438,399,501,369,445,393,258,170,217,585,482,411,297,369,212,653,614,563,349,304,308,368,304,220,237,107,226,231,692,930,418,369,463,662,516,454,622,742,851,800,1045,374,737,921,592,611,592,765,870,1488,437,970,813,603,394,384,405,705,852,527,711,580,634,557,859,833,613,829,722,750,924,991,978,836,1738,1897,1323,1210,940,1073,1371,1751,1696,1889,1863,1076,1147,706,1510,783,1251,612,1036,888,1344,1362,841,421,1239,1364,2199,1574,907,4599,1094,1562,1882,553,782,1283,1048,1003,1118,674,593,403,379,349,526,752,791,629,538,710,233,636,282,910,1788,1086,902,936,1019,775
62,0,0,0,0,0,0,0,0,0,0,0,0,0,0,0,0,0,0,0,0,0,0,0,0,0,0,0,0,0,0,0,0,0,0,0,0,291,660,942,720,645,647,831,703,444,697,622,581,368,461,843,987,177,245,279,438,421,414,505,856,543,485,479,418,1912,337,800,2703,1755,1881,2058,3795,1584,3435,3294,4696,4539,2057,1579,1056,774,1083,821,1170,1127,1344,1466,918,1067,1031,747,836,984,1164,858,1090,743,1292,803,881,869,799,797,876,662,931,853,1157,707,817,1386,1141,1141,1024,994,1141,1013,1311,1142,1013,1128,1275,2042,2201,2581,2296,1868,2713,3210,2108,704,1638,929,2132,943,1602,1519,724,1327,1114,1519,1539,4654,1454,1397,2250,1703,1608,1543,1216,1082,883,1186,2533,4407,3213,3672,3536,635,720,1098,969,1367,999,1164,1139,864,1251,666,193,1273,1744,1741,1195,1911,1632,1599,1749,1960
63,0,0,0,0,0,0,0,0,0,0,0,0,0,0,0,0,0,0,0,0,0,0,0,0,0,0,0,0,0,0,0,0,0,0,0,0,104,113,184,287,427,638,337,470,370,331,541,368,339,62,302,338,171,163,238,238,386,594,279,124,283,187,191,41,93,82,91,362,307,110,87,46,51,52,78,173,177,308,411,485,199,401,225,269,381,109,283,353,306,752,305,232,152,302,480,449,527,170,250,387,422,469,350,1215,221,259,346,526,412,401,297,304,427,574,327,442,390,345,340,479,361,103,434,531,458,478,475,395,782,700,431,468,471,394,624,967,690,738,565,471,228,293,432,342,611,382,635,1030,654,1118,693,736,821,403,507,414,421,328,1123,1106,916,883,943,584,649,873,553,925,480,66,455,884,1240,1142,2215,1366,945,918,1124
64,0,0,0,0,0,0,0,0,0,0,0,0,0,0,0,0,0,0,0,0,0,0,0,0,0,0,0,0,0,0,0,0,0,0,0,0,46,67,158,208,159,259,194,161,184,243,268,134,70,118,176,284,135,76,83,51,448,485,277,266,218,93,63,124,67,80,180,103,58,164,55,82,75,88,131,152,316,295,342,281,391,439,301,229,446,295,435,328,423,261,278,217,194,289,352,244,392,260,241,209,250,218,207,344,298,429,541,435,372,238,500,448,546,684,623,607,638,565,792,517,535,368,691,803,513,710,390,368,694,838,834,827,405,595,822,1313,753,640,667,846,956,1094,875,980,951,435,834,1115,992,1235,1335,712,306,295,346,611,434,673,1324,1283,1276,1387,935,929,782,1014,795,1394,818,245,866,996,1268,1637,1421,1391,1373,768,750
65,0,0,0,0,0,0,0,0,0,0,0,0,0,0,0,0,0,0,0,0,0,0,0,0,0,0,0,0,0,0,0,0,0,0,0,0,98,166,288,372,428,659,311,515,245,209,107,276,500,131,118,200,213,85,111,384,426,480,573,534,463,320,277,183,457,396,393,301,161,209,97,163,101,126,259,249,421,336,567,499,491,633,372,500,532,397,788,461,467,563,403,315,371,751,661,937,679,428,389,323,328,218,271,332,450,621,524,483,188,184,224,362,345,639,431,413,346,403,565,555,409,286,517,617,593,1006,629,531,697,2167,1710,1093,618,1023,667,746,807,881,705,576,1804,497,414,980,1524,1231,1360,1062,966,1658,1646,1534,1259,1160,1520,1897,1395,1132,1475,1081,754,1721,1438,1154,1100,1331,540,752,829,79,446,488,823,1601,1552,1484,1357,1351,1177
66,0,0,0,0,0,0,0,0,0,0,0,0,0,0,0,0,0,0,0,0,0,0,0,0,0,0,0,0,0,0,0,0,0,0,0,0,0,0,0,0,0,0,0,0,0,0,0,0,0,0,0,0,0,0,0,0,0,0,0,0,0,0,0,0,0,0,0,0,0,0,0,0,0,0,0,0,0,0,0,0,0,0,0,0,0,0,0,0,0,0,0,0,0,0,0,0,0,0,0,0,0,0,0,0,0,0,0,0,0,0,0,0,0,0,0,0,0,0,0,0,0,0,0,0,0,0,0,0,0,0,0,0,0,0,0,0,0,0,0,0,0,0,0,0,0,0,0,0,0,0,0,0,0,0,0,0,0,0,0,0,0,0,0,0,0,0,0,0,0,0,0,0,0,0,0,0,0,0,0
67,0,0,0,0,0,0,0,0,0,0,0,0,0,0,0,0,0,0,0,0,0,0,0,0,0,0,0,0,0,0,0,0,0,0,0,0,0,0,0,0,0,0,403,395,435,326,458,445,296,217,443,427,176,68,120,159,251,379,531,507,630,341,714,450,544,1692,4096,1712,2160,2016,1032,1384,728,236,2468,1959,2553,2844,2560,2019,2180,3548,2596,645,2481,2022,2937,2457,3657,2763,2046,776,751,1153,973,947,802,1076,988,777,1046,904,891,810,1830,2387,1559,1943,1584,1910,1475,1246,1361,1364,1520,1399,1312,1499,1259,1412,1239,1397,1710,2033,1575,1335,1430,1303,1606,1860,1669,1704,1272,2394,1509,1335,1611,1579,936,750,1048,1585,698,2584,1005,2644,3414,2038,2410,2163,2026,2066,1951,2586,1850,1349,1089,1622,2088,2168,1892,2154,1632,1855,2239,2144,2234,1876,1922,693,1328,1586,1452,1359,1340,1455,1425,1833,1611
68,0,0,0,0,0,0,0,0,0,0,0,0,0,0,0,0,0,0,0,0,0,0,0,0,0,0,0,0,0,0,0,0,0,0,0,0,135,94,158,185,308,916,503,261,288,242,269,484,716,221,433,700,388,536,377,285,382,507,819,488,605,350,502,1414,895,291,242,296,301,603,645,687,112,340,440,259,260,273,458,345,157,490,848,393,210,106,842,194,166,138,570,606,990,405,435,296,207,186,683,753,582,567,334,499,283,698,470,677,683,453,813,712,922,517,446,674,327,622,1130,771,669,541,493,992,716,632,565,947,380,624,1094,2170,857,612,896,1020,857,927,568,2206,966,561,742,1229,763,603,733,572,341,417,466,555,246,340,286,1416,1184,137,894,420,377,729,769,592,754,637,910,494,222,0,153,243,305,726,1038,1009,577,934,872
69,0,0,0,0,0,0,0,0,0,0,0,0,0,0,0,0,0,0,0,0,0,0,0,0,0,0,0,0,0,0,0,0,0,0,0,0,807,853,1486,1289,1377,1451,1195,1089,1201,1602,1282,1572,1174,350,1201,1377,1937,945,926,1248,968,794,1111,1707,1915,889,1000,655,807,1223,1451,2150,1081,1009,981,847,306,611,982,934,242,1204,1262,1444,1084,1329,1531,1310,1590,1157,1863,1624,1495,1230,1660,1545,1865,1634,1320,1834,1553,1082,911,794,672,1005,814,842,704,748,1009,1268,1138,614,875,836,1163,1309,822,1071,987,1212,1858,1711,1895,2047,1259,4011,7172,1558,1257,1405,1680,2673,2428,7611,3154,1689,3880,2160,1157,1712,939,887,704,733,898,973,1149,468,345,1034,1083,1447,994,723,722,1043,1641,1403,1448,1110,1099,1407,1051,1604,1593,1407,1526,1228,2342,1064,1375,636,1108,571,2314,2875,2412,1651,1618,1525,1788
70,0,0,0,0,0,0,0,0,0,0,0,0,0,0,0,0,0,0,0,0,0,0,0,0,0,0,0,0,0,0,0,0,0,0,0,0,168,217,342,130,93,72,297,333,252,88,323,409,252,221,290,152,163,116,108,370,492,365,322,555,246,151,255,584,307,601,305,370,276,363,163,488,113,292,385,375,301,381,296,363,281,347,381,416,397,180,667,423,378,240,360,444,361,536,382,445,406,317,672,566,405,516,628,679,716,756,488,879,643,264,543,517,698,670,667,714,549,437,805,806,485,194,841,719,652,651,1181,1566,2059,3020,833,627,846,969,922,1118,1453,321,1039,513,832,538,529,932,626,514,819,802,622,653,955,756,1007,855,982,1242,1009,417,681,998,906,1636,1346,1053,741,973,951,939,816,0,775,1372,925,1352,1070,1176,1357,1146,1172
71,0,0,0,0,0,0,0,0,0,0,0,0,0,0,0,0,0,0,0,0,0,0,0,0,0,0,0,0,0,0,0,0,0,0,0,0,127,303,545,624,593,574,866,725,863,676,967,1208,1012,358,567,794,471,222,253,335,341,615,593,952,835,478,705,667,467,994,648,1102,382,209,323,378,128,297,253,476,771,686,824,1196,1561,932,1319,1312,1361,531,994,980,1764,909,691,956,1501,1447,1859,1538,2068,1035,1017,712,744,878,1399,516,772,889,1758,1574,1789,1748,997,1110,1252,925,1068,1037,1611,1450,1313,1029,929,891,1412,1422,1143,1308,1143,1373,2158,2657,2280,2017,1851,1660,1633,2233,2582,2049,1418,1723,2181,2190,2865,4307,2821,2312,2064,2045,3815,3263,2122,1061,577,896,1016,1919,1137,1444,1417,1403,1267,1552,1691,1922,1410,1646,1907,1178,911,0,205,1909,1483,1688,1517,1679,1353,1516,1754
72,0,0,0,0,0,0,0,0,0,0,0,0,0,0,0,0,0,0,0,0,0,0,0,0,0,0,0,0,0,0,0,0,0,0,0,0,2,19,65,137,257,275,497,393,632,470,497,781,1240,491,1030,1201,637,504,457,542,354,261,396,872,488,277,395,557,505,993,700,547,459,541,464,663,118,336,271,343,692,1132,1026,1204,1060,561,814,1196,836,543,1323,999,1177,1139,1125,1215,1059,770,1520,1059,926,1169,1641,990,848,857,786,780,653,826,938,1043,898,624,822,1141,1234,1106,1341,1480,1622,1762,1729,2074,1851,965,1963,1819,1610,1469,2107,2356,1978,1895,1883,2769,2420,2289,2404,1703,1470,2028,1589,2028,1767,1601,1355,1400,1252,927,894,1486,1763,2221,1752,2313,1409,1146,1450,1458,800,476,839,1297,1063,1047,1457,1561,889,550,1581,4428,1998,0,891,2241,1883,1844,2186,2015,1650,1443,2540
73,0,0,0,0,0,0,0,0,0,0,0,0,0,0,0,0,0,0,0,0,0,0,0,0,0,0,0,0,0,0,0,0,0,0,0,0,554,186,386,467,506,616,769,758,786,973,851,740,590,333,543,429,119,153,156,150,138,118,153,97,900,347,470,434,858,561,958,722,1064,1188,848,1301,544,703,1912,1789,1292,1228,1169,1187,1505,1470,2307,1263,1164,954,1622,1293,1642,1494,1295,1469,1829,2890,1295,2241,1213,878,1072,1202,1051,924,1132,1409,1296,2779,1251,1967,1375,1787,1240,1757,1469,1675,1862,1756,1448,1430,2876,1413,1668,955,1680,2130,1830,1988,1761,1732,1723,2318,3884,1565,1924,1528,1815,3113,1998,2483,1901,2324,2874,3127,2334,2613,1997,2359,2474,2394,3064,2557,2880,2367,2066,1922,1124,1430,1222,1236,1716,1851,1364,3016,1275,1637,1907,2417,1714,2594,2577,653,1539,1983,2696,1836,1811,1684,1982,1599,3195
74,0,0,0,0,0,0,0,0,0,0,0,0,0,0,0,0,0,0,0,0,0,0,0,0,0,0,0,0,0,0,0,0,0,0,0,0,99,91,128,246,337,302,272,242,259,391,329,330,272,176,216,422,358,884,384,416,333,728,876,772,396,235,267,198,491,2241,622,792,710,735,438,274,105,199,268,469,681,347,536,592,779,613,580,456,594,358,604,428,460,605,276,255,692,683,505,398,649,350,443,272,621,507,426,599,461,861,625,940,449,640,445,595,591,742,727,859,1046,930,856,913,511,556,768,799,1667,823,723,665,960,1297,987,1714,1388,1099,1112,1025,1025,2845,1089,1008,730,1715,1498,744,1041,1376,797,851,1049,1072,984,1200,1050,1202,918,1026,656,797,923,1214,1110,1095,1198,1218,1784,1884,1183,1352,1335,144,843,1415,1687,1441,2636,1589,1313,1607,1395
75,0,0,0,0,0,0,0,0,0,0,0,0,0,0,0,0,0,0,0,0,0,0,0,0,0,0,0,0,0,0,0,0,0,0,0,0,0,0,0,0,0,560,606,583,401,578,779,1074,161,165,295,382,156,321,191,367,514,561,826,495,436,233,259,210,468,286,271,695,196,48,222,244,328,146,359,150,191,183,501,433,256,505,390,648,638,414,562,384,390,302,349,292,353,718,465,720,441,426,721,434,343,491,342,436,439,552,561,1026,948,725,619,833,843,682,1122,724,1048,1354,922,935,834,1021,921,851,900,693,911,918,1751,1627,1315,1907,1053,1472,1222,1726,1345,794,865,546,904,1478,1062,1737,2641,1006,562,418,930,1015,1750,751,1833,1535,1666,1873,1908,614,553,2253,953,1733,814,821,963,1940,1885,1765,1173,288,896,1740,1712,1522,1451,1404,1603,1401,1050
76,0,0,0,0,0,0,0,0,0,0,0,0,0,0,0,0,0,0,0,0,0,0,0,0,0,0,0,0,0,0,0,0,0,0,0,0,1408,2740,3664,2404,2885,2233,2476,1848,2367,2297,1774,1842,1676,654,1803,1633,1161,791,1161,2829,3254,3152,2678,2632,4356,808,1885,942,1521,1558,1303,1512,1796,1774,1248,1466,824,1962,3056,1354,3710,3396,2928,2281,2254,3083,2768,2677,3909,1643,3398,2637,3090,3027,1532,2623,2090,2825,2706,2867,1683,1680,2948,2508,6910,2594,2425,4999,4061,4530,3695,4047,2245,1736,2340,3454,5706,5679,3828,4070,3584,3967,3999,3769,4354,2226,6318,5284,4245,5047,5415,6088,9034,7797,5500,6007,3988,2038,5898,4274,4369,4160,3595,4511,4051,4510,3103,5378,5453,2975,3778,5403,4830,6350,6695,7750,6328,7514,8983,6411,6234,2863,7011,8281,7081,6840,6508,6701,7291,6626,7020,7299,6044,664,4676,8259,7802,9112,7526,7906,8363,8507,8917
77,0,0,0,0,0,0,0,0,0,0,0,0,0,0,0,0,0,0,0,0,0,0,0,0,0,0,0,0,0,0,0,0,0,0,0,0,304,199,264,265,170,270,121,171,226,119,174,165,141,134,196,180,90,187,147,136,167,210,295,174,291,169,580,434,322,368,258,342,377,165,131,121,87,161,327,279,172,162,155,298,191,157,277,445,361,211,410,293,320,255,283,223,226,265,140,702,264,183,427,404,316,165,217,348,234,180,273,293,392,269,212,298,396,544,808,706,597,703,696,545,440,399,702,863,807,767,881,791,1120,827,1426,1242,1021,961,892,1597,1520,1630,1842,1182,1333,1221,1281,1130,927,832,989,814,815,882,880,683,481,302,433,489,471,514,523,548,645,544,586,457,383,250,494,506,474,255,847,718,920,1394,972,856,931,970,983
78,0,0,0,0,0,0,0,0,0,0,0,0,0,0,0,0,0,0,0,0,0,0,0,0,0,0,0,0,0,0,0,0,0,0,0,0,1097,1882,2030,2098,2378,1942,1809,1566,1624,2063,2393,2569,2750,1457,2772,2171,1121,741,789,1571,2670,2787,2345,2397,3460,1742,2587,2543,2702,2026,2493,2544,1920,7653,4818,6912,3192,2367,2791,2316,3166,3992,3259,2620,2644,4067,3496,3658,4020,1931,4153,3040,4338,3331,2846,3358,3527,4812,3263,3589,2380,1600,2494,2535,3485,3250,2528,2709,2996,5695,4476,5193,4592,2478,2977,4000,5589,4519,4765,4781,4738,5695,6691,7773,8591,3341,8494,5872,4220,3908,3292,4236,5395,4729,3136,3783,1840,1450,3140,325,508,1358,1084,1015,962,1053,1695,1430,1841,942,1275,1591,1278,2798,3244,4288,4561,4680,10263,8768,3441,1799,3072,3313,3282,4831,1805,5751,5097,3734,5483,5242,3357,383,2793,3038,3164,3563,3792,3724,4032,3680,5434
79,0,0,0,0,0,0,0,0,0,0,0,0,0,0,0,0,0,0,0,0,0,0,0,0,0,0,0,0,0,0,0,0,0,0,0,0,518,684,1037,1152,1453,944,724,658,805,821,945,1378,1110,336,656,1032,562,650,589,682,938,1729,1230,1349,1317,638,852,1156,1128,1025,791,1005,1061,975,605,829,386,707,1480,1356,1566,1568,1578,1378,1505,1276,1270,1335,1606,562,1737,1396,1637,1106,1346,1348,1192,1653,1595,1274,1233,669,1051,1026,1005,1274,1135,1145,1093,1400,1445,1821,1160,536,893,1263,1595,1836,1588,1803,1759,1472,2118,2218,2852,967,2607,2567,2489,2111,1897,2382,2202,2652,669,643,1111,905,1891,1983,1589,1450,1101,1269,1159,1138,1860,1333,1063,941,902,1572,1498,2677,1499,1099,1380,1467,1739,1940,1136,606,1627,1662,1669,1686,1837,1675,1850,1533,2381,2517,1359,209,801,1192,1389,2825,1940,1917,1564,3375,3120
80,0,0,0,0,0,0,0,0,0,0,0,0,0,0,0,0,0,0,0,0,0,0,0,0,0,0,0,0,0,0,0,0,0,0,0,0,149,236,523,430,575,742,594,480,325,326,683,849,462,315,398,524,456,447,298,392,463,1268,621,388,555,551,1095,555,698,623,581,449,263,294,279,185,166,258,405,403,684,416,599,522,570,647,458,455,659,379,695,478,781,523,503,463,650,814,484,602,715,396,539,491,499,399,503,670,735,1107,959,897,354,405,742,750,1173,840,733,717,711,623,859,746,581,304,887,1217,1032,1251,1009,1035,1369,2285,1095,1176,674,500,920,1298,841,814,946,590,854,745,552,834,583,557,535,904,1127,849,584,892,677,449,550,551,442,277,673,1147,1943,3395,1689,1535,1337,1335,1258,1808,1101,236,1001,1037,1557,1448,1393,712,1229,1450,1299
81,0,0,0,0,0,0,0,0,0,0,0,0,0,0,0,0,0,0,0,0,0,0,0,0,0,0,0,0,0,0,0,0,0,0,0,0,87,173,318,328,470,249,165,241,422,401,360,174,350,141,150,208,100,105,103,93,92,137,389,439,549,325,452,225,188,156,149,94,111,55,40,34,14,40,35,27,50,56,66,61,24,23,24,21,26,325,434,215,240,153,129,120,110,119,102,74,60,183,138,137,128,103,458,398,194,224,283,239,218,203,171,175,173,423,240,236,140,147,146,97,89,68,97,76,67,89,85,37,47,61,54,31,28,38,55,74,58,2004,1582,1541,2623,1660,1062,1869,2482,1074,872,694,1410,725,2736,547,520,955,1161,1443,540,673,650,948,1726,1280,1039,1216,1219,1260,1075,1706,1566,453,1581,1084,1443,1687,1947,1921,2006,1880,2222
82,0,0,0,0,0,0,0,0,0,0,0,0,0,0,0,0,0,0,0,0,0,0,0,0,0,0,0,0,0,0,0,0,0,0,0,0,216,533,335,306,401,580,613,338,220,567,356,497,480,257,350,305,235,194,195,396,413,797,521,310,521,224,224,185,469,253,348,264,197,433,107,46,114,158,307,153,692,531,627,882,526,641,567,769,770,681,573,356,876,513,530,639,500,865,724,389,490,357,400,371,470,231,371,260,416,617,409,78,434,373,404,422,598,583,519,587,730,1129,962,784,638,704,773,734,716,675,515,597,753,1044,535,544,517,1004,579,1019,3675,2688,2145,1269,2859,2646,1788,2862,1539,2166,1878,1305,4038,2193,1437,2442,2853,2964,1899,1461,1251,2013,1032,1881,2394,2772,2004,2004,2436,2427,2058,1677,1503,222,698,2034,3675,3621,2997,2550,2520,2288,1292
83,0,0,0,0,0,0,0,0,0,0,0,0,0,0,0,0,0,0,0,0,0,0,0,0,0,0,0,0,0,0,0,0,0,0,0,0,35,145,274,288,347,503,294,327,362,549,804,774,586,596,731,616,211,346,366,242,528,328,601,600,377,283,250,93,108,186,347,271,127,234,153,123,98,116,146,106,192,193,461,384,351,402,380,450,335,323,393,373,410,227,367,249,369,513,662,503,277,194,231,202,218,295,328,179,219,636,478,1008,128,391,188,253,494,545,685,596,402,600,520,693,294,351,543,694,1031,673,687,503,675,1051,1053,3333,460,581,603,765,918,847,1033,1238,541,778,654,636,587,253,557,473,341,292,545,242,338,550,422,517,588,152,531,376,679,513,548,581,721,465,292,2347,431,0,777,694,1056,1455,449,464,462,475,680
84,0,0,0,0,0,0,0,0,0,0,0,0,0,0,0,0,0,0,0,0,0,0,0,0,0,0,0,0,0,0,0,0,0,0,0,0,0,0,0,0,0,0,0,0,0,0,0,0,0,0,0,0,0,0,0,0,0,0,0,0,0,0,0,0,0,0,0,0,0,0,0,0,0,0,0,0,0,0,0,0,0,0,0,0,0,0,0,0,0,0,0,0,0,0,0,0,0,0,0,0,0,0,0,0,0,0,0,0,0,0,0,0,0,0,0,0,0,0,0,0,0,0,0,0,0,0,0,0,0,0,0,0,0,0,0,0,0,0,0,0,0,0,0,0,0,0,0,0,0,0,0,0,0,0,0,0,0,0,0,0,0,0,0,0,0,0,0,0,0,0,0,0,0,0,0,0,0,0,0
85,0,0,0,0,0,0,0,0,0,0,0,0,0,0,0,0,0,0,0,0,0,0,0,0,0,0,0,0,0,0,0,0,0,0,0,0,79,130,242,377,277,358,351,387,542,476,874,794,502,286,726,730,361,309,279,286,358,281,490,253,141,197,211,374,292,314,230,392,394,588,1029,1048,98,125,270,138,133,282,1108,738,1652,646,1880,1596,1216,200,1640,1908,704,1148,261,341,218,326,295,269,163,509,636,462,385,537,614,489,425,594,712,658,688,375,662,1032,1124,821,727,921,711,729,803,928,1077,421,1238,1211,1078,1263,888,807,1012,795,919,1150,1287,923,1036,1456,1412,946,1086,1589,1775,1155,1596,1262,1420,1310,1632,1971,1633,1799,2096,1757,2215,1563,1944,2209,1125,1017,1604,1602,1162,1290,1320,1500,1918,1654,1742,1865,1698,279,1132,1693,1908,1691,1890,2132,2249,2015,1801
86,0,0,0,0,0,0,0,0,0,0,0,0,0,0,0,0,0,0,0,0,0,0,0,0,0,0,0,0,0,0,0,0,0,0,0,0,241,490,557,1174,654,619,691,885,811,685,927,1232,1681,608,1023,999,903,652,668,969,1269,1930,1418,1337,883,1386,1046,859,1738,527,856,668,537,1190,411,366,235,583,616,565,714,601,842,838,586,1465,811,823,965,743,1260,740,1086,676,662,671,617,922,786,812,802,984,991,704,645,497,470,563,669,720,636,687,739,730,1237,865,1081,1062,600,810,781,788,759,738,622,910,1265,891,1666,1206,530,599,719,1016,1136,686,1051,1551,1190,1276,1022,847,480,470,391,713,1315,1254,1035,835,1292,953,990,1286,1105,1333,1357,711,758,1002,1029,1258,1674,1368,1173,1637,1385,1675,1759,1556,2098,1320,1152,553,1526,1469,1508,1863,4416,1464,1421,2912,1318
87,0,0,0,0,0,0,0,0,0,0,0,0,0,0,0,0,0,0,0,0,0,0,0,0,0,0,0,0,0,0,0,0,0,0,0,0,14,47,148,285,451,288,577,842,750,678,1536,3402,533,1276,1785,2095,1375,637,994,914,1253,1657,1723,1712,2003,2050,1506,1926,1150,994,793,1170,966,1181,772,1018,717,1146,989,1014,1125,1272,1546,1688,1530,1733,1371,1795,2293,2802,1821,1330,1888,1547,1476,1580,1334,1417,1475,1915,1822,2552,1546,1562,1441,801,989,1645,1127,1171,2019,1257,976,1490,1977,1011,1014,1190,1021,984,876,1129,942,1087,1536,2309,1622,1467,1375,1197,1062,995,1142,1480,1356,1038,951,2012,1089,1080,1213,1164,1561,1419,1337,1643,1012,1015,1100,2038,2039,2080,1576,2350,1948,1480,912,1240,1469,1587,970,2488,1174,1120,1674,1390,1789,1323,1895,2489,2082,1523,1373,656,3045,3779,4629,1263,1154,1352,1671,1822,1239
88,0,0,0,0,0,0,0,0,0,0,0,0,0,0,0,0,0,0,0,0,0,0,0,0,0,0,0,0,0,0,0,0,0,0,0,0,205,430,753,724,695,661,644,546,532,418,944,1133,972,515,792,960,897,616,654,636,989,741,800,764,302,503,927,3052,2396,2163,1114,1338,452,491,863,689,230,515,564,402,484,632,757,602,1053,490,502,561,760,437,683,643,836,561,398,540,546,992,683,711,599,375,681,463,612,436,408,667,396,388,407,536,293,372,567,390,489,1216,1606,1540,927,732,925,896,1342,1251,1453,2003,891,473,487,478,598,818,937,981,1086,1262,1526,1682,3653,82,804,510,903,1006,1178,1450,1040,439,1557,1535,1824,1479,1402,1189,787,5271,1389,1515,802,748,1559,1250,1604,1628,1361,1476,1308,1029,2315,1418,1039,247,2139,1940,1719,1419,1523,2322,789,804,1076
89,0,0,0,0,0,0,0,0,0,0,0,0,0,0,0,0,0,0,0,0,0,0,0,0,0,0,0,0,0,0,0,0,0,0,0,0,0,0,192,219,518,723,649,512,458,676,689,613,901,341,876,666,560,661,928,1482,1183,798,699,960,874,296,707,436,1893,1239,1116,788,670,703,1233,943,419,663,461,843,783,1019,1097,1247,680,932,739,984,1155,587,1053,674,1233,1108,958,738,987,1344,1046,1505,926,679,1282,837,1252,781,825,889,586,1778,1317,1039,1121,583,952,1147,785,639,1053,862,1197,1481,1789,1073,1306,725,1067,1033,1208,878,1024,1240,1526,1503,633,831,1220,1188,1256,1269,1127,1032,1305,1648,1490,974,1796,2165,2981,1300,1419,1003,1337,2816,2293,1821,1413,1627,1636,2871,2917,1292,2387,2152,1587,2515,1792,3080,2138,1752,3379,4329,3393,406,2040,4528,3347,2368,3085,2088,1780,2504,2261
90,0,0,0,0,0,0,0,0,0,0,0,0,0,0,0,0,0,0,0,0,0,0,0,0,0,0,0,0,0,0,0,0,0,0,0,0,0,0,0,0,40,105,285,203,0,0,0,486,571,502,1105,859,591,538,447,370,422,533,748,827,704,508,620,475,530,495,405,1015,678,543,491,412,441,332,427,419,526,592,1314,738,573,574,773,768,642,316,727,484,524,883,576,1124,474,619,538,577,723,380,405,385,446,500,424,552,712,734,837,1028,779,982,658,1122,626,721,829,647,1176,702,951,1463,812,607,1210,1244,1270,926,921,661,1115,1263,1324,1610,1259,1133,1191,759,871,759,526,912,1233,2047,1390,1835,963,849,1544,1220,1312,2052,1659,2056,2059,2068,2623,1914,1525,1249,2504,2065,1815,2172,1460,1670,2021,1563,1454,1244,1085,338,1240,1578,2129,2517,1758,2456,3618,3920,2257
