1,北京,100,99.25876083,102.639432,103.8145554,106.582058,110.873863,112.2668379,115.576575,116.3002645,122.6885933,122.1517761,125.2117143,130.2136956,134.3253833,137.5127088,141.5122258,142.0927739,149.6207181,158.0372789,162.6511774,178.3510493,184.5350733,190.9064932,184.6132989,183.3389362,182.3322706,183.7612815,190.3754654,199.0141957,191.4801182,188.7544816,190.8753169,192.158108,182.9293518,185.0702815,175.5485652,177.8810025,180.4545107,188.882429,193.892929,204.8705245,208.6678346,227.1378242,237.2496478,248.9482907,265.5750256,271.9731045,279.5574798,306.3727494,300.1534569,340.6244085,351.2573915,326.790901,337.9641205,355.8437893,362.8165613,366.0627065,373.7236491,377.0951504,397.4791991,408.9363778,408.1170057,407.683186,409.1975129,406.3679698,393.5502661,402.6719774,412.2450906,415.9433379,422.1562298,408.4670234,392.273472,391.9969102,388.1283655,387.7212952,386.4835416,386.8012748,407.4429968,420.8710366,424.8011537,428.9904087,428.8762443,437.094193,446.452596,466.5424977,485.9149877,500.8364878,487.8757808,498.2676568,512.2953424,530.9499923,549.0075417,559.2232531,541.0997255,548.6972595,555.4060159,551.6475161,567.1613589,571.5594559,545.38059,570.1740966,595.8170838,587.125217,609.3737912,604.5505132,623.3854747,596.8877374,584.521238,571.1072828,550.5844855,559.0005942,561.7444379,582.3228313,557.1438755,548.0943822,567.8634586,592.4945479,618.2451477,643.1765398,650.0363757,663.7581658,678.1138182,700.1326255,733.7912602,704.692246,728.2624709,760.6850683,793.507012,808.5887492,848.5480827,873.0933879,830.7923682,852.2012662,866.6290687,906.8480402,946.3690015,977.4962951,1013.372664,1016.791601,991.3729095,883.9355733,922.3632558,955.3476992,982.1449355,1011.640746,1019.790011,1047.42135,1037.747513,1075.517396,1035.840196,1044.798188,1021.141538,1069.84516,1094.805742,1142.989284,1191.190976,1292.330089,1265.977434,1283.711291,1360.893173,1158.428508,1197.840441,1309.48766,1383.839947,1364.798534,1413.322049,1393.566574,1413.894642,1368.250793,1313.604443,1364.180218,1290.845654,1262.717767,1326.494649,1338.910989,1388.945188,1285.938348,1297.478317,1224.385358
2,天津,100,100.9956237,101.2940007,101.9144959,104.0449676,104.9060498,107.1466924,107.6459651,106.8050553,108.2540325,110.4077363,109.4531965,109.51547,112.2520382,112.6206971,111.8563737,112.2194454,113.59,115.71,117.13,116.27,117.94,120.83,120.36,121.42,124.33,124.44,124.09,124.68,125.97,128.64,134.02,130.76,133.76,130.66,124.96,128.03,129.54,130.25,134.83,136.54,137.74,142.45,152.14,154.73,160.95,159.99,164.62,169.56,171.03,173.42,179.82,182.12,186.26,191.24,191.9,192.62,195.04,198.63,196.72,195.9,193.5403285,192.29,196.01,197.64,202.5179708,199.3346867,201.6718476,201.04,201.1767994,200.8008744,199.3232151,198.102886,197.1458853,197.73,197.647818,197.7991574,197.1590735,196.3508148,196.2096357,196.2725308,196.4500594,197.9411348,199.9606034,200.8707032,201.522928,204.2269727,208.2050741,209.8638999,211.809421,214.4700758,217.1812923,219.2827214,222.8100272,224.2583217,226.0579378,226.459884,227.4606489,229.2001102,227.0286402,227.2755819,228.0541986,227.5540813,227.5319908,228.3766783,226.6096757,231.1653879,230.8664974,228.3615287,229.294534,233.2251577,235.7400941,235.7114045,239.3557986,241.9999241,241.8806888,242.7899612,244.6845678,247.0120365,248.1875128,247.7757681,251.8120395,259.0736948,266.8295031,272.7844147,279.0256593,281.535667,283.8326757,294.1902288,305.7793848,315.7764276,335.2931786,335.5232367,350.3831697,351.3684132,341.9052349,328.0351407,335.1866508,336.4934319,336.6467982,344.4737278,340.5292143,342.0439885,347.7807892,339.5541879,345.9245728,348.8015798,355.2790392,358.000659,355.9198334,356.9121301,354.9797176,354.4770471,345.996372,339.6304722,340.0662173,338.6158486,336.5456957,347.3947897,351.4387194,350.3113683,350.1572006,351.1405763,341.1119567,337.6698114,337.1300088,337.8701454,337.1178035,336.0369878,340.442793,327.4953723,330.6968478,338.2507119,339.8244389,337.47267,337.1486765,337.4516438,334.4709134,335.3544563
3,石家庄,100,101.8726176,101.1986266,99.30582063,100.5787684,104.4955186,100.1044545,108.8645577,107.4669434,106.8005063,106.6829652,107.7275283,109.8970229,108.8740606,119.9891006,122.6047577,122.7148677,124.63,129.13,126.6,128.07,127.61,120.53,113.91,121.8767817,131.78,132.15,135.27,136.64,135.32,131.04,130.9,129.74,126.38,122.55,122.84,135.69,136.2,135.44,132.13,134.9,136.45,135.4,139.27,137.8,136.44,138.63,135.24,144.1,142.5,143.74,145.58,146.71,149.52,151.13,151.4,155.61,161.67,168.12,176.44,184.7593298,168.5972304,180.397775,181.0882202,180.4903661,185.9584629,182.5806543,190.8086163,190.8712445,191.999034,200.522832,201.5667344,200.5652554,209.3553601,211.6943359,213.6170783,219.5777079,208.9579198,216.5068198,217.3889278,218.8248549,217.2170861,223.6444062,230.2288336,231.5126318,241.5743998,241.2346778,241.24895,245.875597,252.9399494,259.737559,259.4509104,275.6149505,278.8411721,281.0000595,285.2661688,292.1516349,293.1738679,304.33,308.9152561,314.5361439,313.4203873,315.1808036,320.4155059,323.3697745,318.8830799,335.4200192,328.0900709,336.214408,335.92,344.8536664,346.7559332,359.5044426,369.0432917,363.3777358,369.0557785,366.341105,366.6119215,361.0252291,367.7396416,376.9306794,377.0377985,370.1037274,367.1850766,381.6278518,386.0604965,388.3326593,398.0756714,392.0163366,411.0234726,405.3749,405.5825324,433.553127,430.5488034,428.1125535,445.1221417,452.7397753,462.8056128,453.4928269,457.3250297,456.511388,449.9807573,467.05,485.6832644,502.3243571,505.8000573,501.2888057,520.7841348,531.1664777,552.165325,550.0899847,543.3367474,548.2817087,552.4423742,565.6083511,565.8553101,569.6663313,554.1989281,559.8257854,562.0225914,603.6493368,625.5294318,641.228134,607.3456365,622.6695175,615.8317239,619.7450819,630.9384399,633.717388,664.0285924,640.4731504,665.8806842,660.3440391,661.4445956,631.6056527,669.1381063,669.1683308,689.5377535,670.4245646
4,太原,100,103.0132052,103.1546363,104.7759422,109.1184714,107.0670406,107.1670522,108.6663387,107.7585207,107.4457688,105.6841619,100.3246101,103.6277798,101.8739403,103.8762077,103.0245349,108.2982582,106.6,105.21,108.21,113.15,114,114.51,113.81,113.26,115.71,113.94,118.66,120.65,121.32,120.17,122.44,126.79,121.33,127.04,121.13,121.65,117.4,118.5,123.64,118.18,123.98,122.14,122.78,126.4,125.45,127.03,127.86,125.88,123.51,126.56,132.08,130.64,127.41,129.54,129.4,129.47,134.01,138.87,134.39,131.42,131.9309526,133.0462358,133.6198866,129.9510926,138.1806185,139.8770715,135.8586855,134.0138699,135.9989523,139.7821655,135.8842261,138.7225033,133.3800205,139.4975518,140.5694942,134.7652618,134.7601458,134.4430448,132.7762266,136.074444,136.2006716,140.2512629,138.1515583,141.3913722,144.7665153,142.9584112,146.0325048,147.2002736,150.9214271,149.4737636,151.8923581,151.0233476,147.2723817,148.3019579,146.8389246,158.6036778,156.943635,158.3159132,163.0136443,165.7334939,167.8227132,169.5609919,170.7381267,168.5795255,167.8605237,167.4955292,176.4354157,175.9248046,173.61,165.5473417,168.4374242,153.9199808,156.2896672,156.5001184,149.6647189,153.2051939,153.6235051,152.8556778,152.3192627,150.8234962,152.4107318,155.1558374,143.1783576,157.5846952,154.1257861,147.6312697,146.6553519,148.6158365,157.4551901,160.5462879,160.3840582,167.9953282,167.4751403,169.1783469,180.3233906,181.5746894,171.9186042,182.4529545,174.4130245,170.282512,170.0238656,178.3773587,186.8879056,186.918066,196.2349941,205.166208,204.1784217,205.6069863,208.4127289,207.4143969,199.3776709,190.301817,203.5738762,207.6068997,213.9944811,228.1911207,233.3840499,231.4501951,232.570221,221.0821676,219.2797801,217.7350657,198.0971638,194.7772708,206.4781213,200.7244889,204.6742742,202.7530043,199.805194,205.898582,205.025706,204.4180139,206.8907811,206.8701826,204.719174,198.0006963,197.5170786,198.313528
5,呼和浩特,100,105.9265772,109.3714827,112.6112009,115.1391257,122.1095003,125.1216986,126.4785516,123.2661197,127.931214,124.8784696,126.1758768,131.3700098,133.7017022,135.5848459,133.1925143,137.0934023,133.5078411,135.0062955,139.531125,149.0009635,139.6377579,145.642409,140.4053487,141.621668,144.1214069,148.9427409,148.7957253,145.9759859,147.0944879,142.1540354,146.134608,138.7274454,143.4928957,145.1414755,150.5343388,140.7311834,156.9177712,149.5473757,153.5910537,158.7002564,155.0006047,135.6564986,159.0330012,161.1970559,159.7730039,158.0644922,158.1392951,155.8564654,166.2673374,159.9156629,165.3291507,172.2374341,174.431821,180.5628801,178.2202832,169.6352918,177.8905372,172.7278396,175.8898808,241.588025,241.4865389,230.5868508,248.4067206,275.8128549,260.5078134,255.008347,267.2206091,254.7638999,267.4986965,268.6970397,248.9616351,251.4992482,263.1894467,257.6145916,263.8318354,275.2766387,273.3552871,280.6673828,277.8305508,275.5494251,283.2633121,290.8009763,290.0848127,297.7068009,291.6085103,301.4309228,297.7163115,298.8827553,300.2899286,291.4668536,298.8540618,292.9485602,293.3245169,296.6005607,292.4880968,301.9227786,308.570865,299.6962895,300.4177886,304.8757809,303.9721388,299.6200585,293.7311487,296.1104064,302.025109,293.1204084,296.187195,292.6877771,289.49032,292.8345151,299.344769,282.7315419,292.8159212,297.2749071,296.9909808,302.0359601,303.3517609,309.6951122,307.4583044,308.2652506,309.2263297,310.9844327,302.8157837,300.0578601,306.1142122,290.4830077,293.7023657,321.3474971,322.3563742,323.9994723,327.9702442,318.9049681,316.5137364,321.8723033,312.791415,321.81,325.8150306,330.3915528,332.604727,333.5017217,340.6430292,335.7763456,341.8786355,334.1494675,355.1141082,353.7575503,350.0174886,360.9552637,351.0741004,350.3055664,359.0557685,346.7946963,351.6433661,362.7833134,399.6980515,408.9681188,417.9221227,392.5399178,402.5761136,402.1171672,405.2931532,397.16909,399.3548695,404.2062993,399.2436861,384.9318326,395.48171,393.9326378,0,405.4221722,415.3620607,405.3122186,382.3889917,393.5832269,389.9709339,389.6407069,386.8927808,374.8341345
6,沈阳,100,100.3517171,100.2048094,98.23378373,100.7909113,101.307575,101.6565715,101.1475342,99.43931109,100.7670715,101.8234175,102.6535528,101.0225574,105.17601,104.2572712,104.8788517,105.6202636,105.22,105.16,105.72,104.95,105.61,105.95,107.86,106.73,110.76,110.88,111.3,111.95,111.77,110.49,111.41,111.87,111.58,111.96,112.86,111.48,113.2,113.27,113.65,114.28,115.4,116.02,116.93,117.56,117.86,118.09,122.16,128.31,130.28,134.48,149.57,154.1,152.37,147.7,151.72,159.9,162.77,164.85,170.96,167.75,173.9730633,177.6386598,180.2621094,184.62,186.5890043,188.7229346,190.0203798,200.337456,202.1792835,197.5280237,194.6101213,192.6550268,208.269227,206.388844,212.388947,212.5721113,211.9496691,216.546749,216.6961604,218.2962664,221.8728053,219.9835725,221.0003092,219.9505498,221.5292364,224.8311795,222.5217188,220.1143895,221.3190428,226.8404988,225.8025458,224.9022314,227.8682497,230.6399351,225.4191867,229.2042133,227.0365354,229.9035057,231.1163663,230.2945916,223.906625,221.7515452,220.5116089,218.4970138,217.4403209,218.7689256,217.6981066,215.6225111,217.916476,217.2856374,217.6294027,215.9920115,217.1573661,222.3584629,219.1453395,219.9460024,222.6674353,223.9671053,221.087275,223.2576949,225.666701,227.6476682,227.1903731,229.401373,233.7826586,238.1047714,240.6131087,239.4432214,241.5193994,237.5192011,232.7968522,236.4897626,252.1919559,258.7291808,267.2405286,265.5711631,270.9698634,276.9051935,277.897742,276.5037368,277.4481062,283.0518659,281.7525302,283.2392836,282.7195595,291.1889055,293.9843626,294.6063568,306.6366896,307.9229003,320.153119,312.4353217,320.016672,317.6296188,301.7458736,315.5163241,316.6922651,318.5515704,335.5687241,331.3488987,336.08273,346.1937792,349.5209978,355.2569111,352.3169435,351.491553,358.1289175,369.8748214,381.7177437,375.0437552,391.2453763,385.2057817,382.9422155,388.9445957,390.9701574,384.3404498,399.8800507,391.9787138
7,大连,100,102.8689848,105.6706505,106.0407216,106.9305102,106.866478,109.9538266,109.589507,110.9300082,112.8377785,116.1901521,112.9634421,114.7421586,116.6225459,118.0800114,119.670667,122.2495606,124.37,122.51,128.16,126.44,128.11,133.21,135.36,135.18,137.89,145.86,148.52,147.38,149.85,148.57,152.55,152.18,151.26,145.97,155.82,152.61,149.08,144.48,146.34,156.38,149.37,158.89,156.95,158.55,163.61,163.79,159.7,174.85,161.65,172.24,184.9425489,180.66,187.17,189.25,188.51,188.8,189.38,189.1,187.36,189.6687349,193.8720543,191.7057677,210.3605728,214.54,218.3629593,222.6548749,219.4995564,209.8537632,204.5840077,210.9993965,212.8072786,190.0895557,202.3440596,206.9734644,206.8955214,208.6329905,198.3320682,208.1858352,199.9753642,209.4779212,207.5817452,203.7291835,209.9317295,209.3782431,213.8453558,212.4677679,217.2586549,217.1624459,213.9439768,214.9532339,214.6026367,217.4955227,218.2041931,220.4666032,216.5182688,215.010059,216.2831195,213.4573419,215.5442094,212.4002453,211.4936195,205.1307205,195.642348,197.2700959,195.796888,190.4011133,182.655381,186.6859898,186.3548024,182.229802,182.6317774,182.3847206,183.6448277,181.3028126,186.3959513,185.8582229,187.0758815,185.7340007,184.8202384,186.4050221,188.0493358,183.8693814,184.1967733,187.3877864,184.0506775,186.4808675,182.4256441,186.2498682,188.0309328,188.9027058,188.6255648,192.8614069,196.305728,196.489961,201.5479835,204.9571027,206.8846743,208.4313156,206.0252894,201.8046869,211.1558053,214.7693177,214.6935594,218.4279396,220.6693573,225.3061424,225.5975316,238.1449963,237.4908592,239.3702405,244.5638555,243.549048,254.8093003,252.1824262,252.1526113,245.6081114,208.344263,249.2525193,257.2538962,264.2512318,275.6679627,254.0719865,279.6882744,277.6331046,273.484951,277.7098646,279.6805323,275.2870862,0,279.5623855,280.6285728,280.7339213,285.5056811,285.8005185,277.5875678,285.0542416,289.063485,290.4987928
8,长春,100,99.12,99.16,98.44,98.47,96.94,94.5,96.59,98.33,99.68,98.32,99.87,101.66,103.92,102.75,106.75,106.58,111.41,111.28,116.22,116.63,117.46,120.49,121.62,121.61,125.78,132.02,132.26,133.21,132.57,126.8,134.91,133.2,128.47,133.6,130.71,135.04,134.6660423,129.1899579,133.2066674,144.3478786,146.6989159,157.63,147.94,148.3,156.31,148.83,141.73,153.99,157.06,168.37,179.7,159.33,170.15,179.54,175.2,185.25,198.99,195.65,169.7,177.29,196.2118628,207.57,184.91,186.45,223.5367093,233.78,232.78,237.05,229.27,226.21,202.26,206.12,211.54,226.5499326,228.23364,236.353891,236.3668731,235.4276707,236.1365801,240.8496185,238.3082373,237.6778112,241.1036459,245.1943006,246.6402087,244.9543416,252.085876,257.9572198,257.5041403,258.5881877,239.4801297,259.5453235,259.7787204,259.9942014,257.7425681,268.5468187,269.4265009,266.815052,267.7564707,267.9153515,264.7691271,261.7764933,261.4207353,252.1795004,258.1445691,260.3866593,253.0134196,266.9237383,279.7842396,281.5211051,278.6919496,283.6310858,280.6150933,284.6826738,286.0870581,285.9287779,281.6431047,285.553918,281.8489907,278.9305039,285.2597932,287.8407776,287.9567084,290.7995837,293.7963907,295.0486175,295.7301788,293.6619284,296.8567236,299.6443978,296.9278207,301.4065569,316.5575901,316.4041764,324.033386,322.9444707,324.896865,331.9151109,345.3835287,352.0804986,345.3857312,352.9121138,354.9751959,364.2862436,367.7590513,367.3825259,381.7508515,383.3307725,384.8004977,395.8360643,395.9197227,391.6664337,380.9424777,385.617958,353.9679436,394.1748627,376.3449103,384.6357075,385.7533252,395.4589307,396.4663783,397.8842356,398.6963474,395.8895048,390.9873129,390.3437585,394.5774108,398.8771256,404.5082698,412.6445823,406.9409465,419.4485907,423.1507784,421.5102964,429.0879516,434.4989644,415.5487323,419.482352
9,哈尔滨,100,99.84036089,100.1795944,102.5641564,104.9741909,106.3858436,107.2329445,110.5652141,108.6191998,113.4587962,115.3935526,114.2366457,121.0287499,123.6510616,120.2352145,120.623913,125.8358598,132.0872405,134.1850085,140.8848412,133.935229,134.8403588,147.0479757,142.1560298,137.0661837,146.228727,143.5908676,147.9718905,150.0550862,150.0992314,146.9110259,148.4483482,142.2923783,149.6589519,146.3394159,140.8855551,146.1657929,144.7605083,146.8786472,148.0685473,161.3347798,172.5954715,163.0829798,163.3009403,173.4548179,177.6710877,177.9428876,174.4713603,180.6264504,190.7950429,185.3004367,192.6342768,199.8624887,189.9902026,185.908852,170.8632502,185.4485556,199.0999285,209.2578658,192.9673278,186.5093453,205.4609883,212.7907179,230.5300496,215.1686585,214.873005,223.9373204,217.2809428,213.305452,214.4385436,204.0003791,193.4846939,191.5482016,189.3325351,198.2238475,192.1438116,201.7397808,201.82653,201.9607645,204.3504109,202.9221505,215.0038693,208.4622324,215.5726783,210.7500862,212.5410188,215.3381042,203.8364164,219.4160547,218.0773815,224.1472401,225.8373266,229.398964,219.3331041,216.6419688,212.7453239,207.2576049,207.2874445,215.0761695,217.8990888,220.8997365,218.2821314,215.6904896,209.4531169,209.3625837,208.0478074,216.6981724,206.9814116,209.8319111,206.1626494,211.5721478,202.5899036,209.9176014,214.6601258,216.3338034,215.8916977,217.6489586,214.248307,209.7744013,209.1153341,212.7804229,214.7279309,216.2499311,220.4918628,220.5018612,220.3524371,217.7969905,219.2165951,218.1378716,222.7923083,221.1610528,211.0507212,219.665123,220.7092659,226.1585574,238.6925407,251.1555927,244.0608921,250.3995623,264.8612473,268.058144,281.6878752,277.527459,263.5297175,272.4664674,276.9225481,287.6259496,295.6284471,305.0493934,305.7594432,319.7812802,315.8952097,330.8790239,324.8613717,308.2447066,311.9313437,301.6110302,305.4664939,307.0496534,304.0301656,297.0855559,320.1576467,328.7553543,315.3136481,322.1472527,327.0906958,301.9029766,314.7733883,303.9922035,0,314.9760412,299.3248793,303.2937241,309.9287023,313.158832,313.7165395,299.4632013,300.7389555,302.2950933
10,上海,100,99.56594475,101.3084867,102.9562547,103.7885012,105.6385315,105.0533013,106.763283,105.0287411,105.5013753,105.4729337,104.3993516,104.4798197,105.4471195,105.8187789,106.63,109.02,109.42,112.77,114.35,119.05,124.74,127.55,128.4,128.34,126.82,132.54,134.63,139.4,141.26,139.19,140,136.82,135.89,137.64,135.14,139.2,140.59,146.58,149.36,156.69,164.13,165.48,176.98,184.31,191.29,198.3526575,212.6811761,220.55,227.72,238.67,247.89,246.42,242.68,248.87,258.7,258.34,257.19,267.73,278.28,284.03,288.1482144,285.62,282.599613,292.44,287.4996265,286.5586162,293.3814909,295.3321976,286.8165754,282.1164227,257.4584076,265.0238899,268.7134748,277.1989851,284.0589386,282.6244559,291.0716488,290.3740932,275.9043301,266.3495558,267.9420171,269.2340605,273.3095661,281.5528772,290.7590236,290.7741156,292.8003398,292.4560795,294.6000649,304.7918412,317.383163,314.4081073,309.3755427,309.8880691,323.8910843,324.7603256,333.8124489,331.0386111,330.9901416,336.8368331,326.6726991,330.8477588,331.345478,334.8416998,340.7518819,333.939893,342.8162184,345.4354179,345.9431326,347.4216602,347.1859225,358.4074069,373.5712172,375.7851166,367.3134229,380.5984492,376.438851,389.2893895,390.8860816,404.9524265,413.6734606,429.786924,429.6112336,452.9413849,462.4309855,478.7136355,501.092247,527.3195414,558.3582781,573.4671083,542.8031366,566.6200879,590.063668,619.0233928,622.2943312,621.4529657,645.4476831,654.262419,646.4841214,633.9409256,650.8342345,656.4698687,667.8519488,661.5481454,664.783678,688.3499269,694.8073359,703.6887926,706.8977565,704.5565597,698.5058947,720.1038393,703.157953,697.8048858,724.6468998,690.9387597,724.3121231,688.7502348,675.3398877,688.4890431,702.3822248,681.6414231,693.6602557,684.2278157,690.8202476,688.284745,686.882151,685.5965529,692.1427592,686.9227014,682.4437556,698.3646395,702.6920553,698.645001,680.7573695,683.4470279,679.1626338,692.8213976
11,南京,100,104.7544653,104.8864342,104.8794071,107.2532849,107.6315894,108.7138121,108.0998937,108.9351328,113.6008584,114.0762935,114.8493237,115.813004,119.5931367,120.7746546,126.2975024,130.8324355,128.76,128.86,133.85,146.36,148.83,147.35,146.88,138.67,145.92,150.13,167.12,167.99,163.6,161.23,164.52,161.19,160.82,155.53,154.6,150.32,154.46,159.31,160.41,161.79,166.81,170.66,168.29,180.51,189.62,201.52,208.97,213.31,219.64,240.9,274.1,248.39,257.49,259.58,252.64,262.64,257.63,258.63,264.01,275.8,267.0698529,265.5543978,270.26,269.48,262.9328927,269.438514,275.1680261,264.1448578,256.9568733,264.1127102,253.8036546,248.1857325,246.34,255.8604985,253.1352268,265.2069125,265.2849444,274.1693252,260.110162,269.7266973,267.517535,276.9023334,273.6886269,277.6873049,282.8047883,286.5160442,295.7127941,293.622628,307.5981421,307.3495662,309.5461229,308.8005764,309.4983767,316.0933387,318.3669641,319.3544757,317.6035725,322.6042872,315.4785554,333.5021729,332.3985991,322.8533879,322.1671512,323.4713535,329.6972454,333.1674742,336.711747,324.0866007,324.7092251,322.6979318,330.996957,342.1491161,339.4315054,354.7495345,359.0216205,356.0406572,362.7617133,364.8781909,367.8602934,376.5921085,388.0073003,398.9651282,402.1905349,419.2157503,433.7897144,452.496568,453.5176811,485.8823134,480.9964833,450.0352377,457.3560065,486.1126141,463.9065347,512.5149265,463.1977563,508.075981,570.6644066,540.4718018,476.3593911,558.145746,540.7303504,542.9407223,500.1004601,558.53761,484.0637926,539.9539648,595.6896726,593.7930224,557.3604631,589.9599267,619.5701115,579.0834267,620.5397595,613.705825,594.6658463,601.3441152,638.7193967,637.9148042,612.2245354,628.8507981,629.5588201,636.4841219,647.4912379,651.6811057,653.100719,680.750582,632.3292529,643.7880289,669.6196824,640.5293146,665.8218276,658.5979804,660.2615868,651.25754,682.6981797,643.7424409,663.5453799,680.1095839
12,无锡,100,100.6347058,100.4799481,99.09858731,98.04859136,96.812797,97.54224043,99.40174118,100.059577,100.9015184,103.6700709,102.6869533,105.5228837,106.2810985,109.6089599,113.7490992,114.1064638,116.4980718,118.438273,120.7943102,121.9951483,127.7399803,130.1918872,125.6299267,129.0893201,130.1375751,129.4824143,133.1170658,129.4714064,134.9639477,135.0397114,129.2993441,129.6073634,128.5424974,130.0196761,128.2794799,117.2307515,121.27497,126.1556335,128.1345224,131.8214667,130.8952643,135.4941612,134.1506168,144.4659355,143.669447,151.1196171,150.3250868,163.0689873,161.5693954,168.864299,179.1787968,182.9849876,176.7036269,174.8078546,178.0129212,181.4855701,184.6435533,186.7305816,194.2753348,196.368597,197.159079,196.9707555,202.2002527,196.3593198,200.469682,197.4793341,195.0524318,193.3409974,192.7032807,181.8772156,177.4659262,177.7030707,177.5886321,176.3893593,176.5274789,173.8599455,175.5035865,179.4820791,181.0337182,178.9573272,177.6622039,181.0971994,176.9796521,179.6904942,180.0112809,184.4191323,187.4331956,188.4410748,190.2566537,191.4022574,190.4660316,190.9539634,192.4529747,189.5041058,194.3165698,196.0558145,195.7491325,192.9324204,193.7068153,189.1812488,181.6364371,179.7929894,178.7384543,179.243868,175.5049643,177.0005304,177.6320204,175.6848426,177.0800435,177.2299831,177.5362716,177.4223424,177.613479,180.3210527,182.2395212,180.0842556,179.0274589,179.1188643,178.326633,180.9415838,182.8021801,186.1558518,194.2367973,198.6785675,203.0453823,207.6870274,221.6132372,247.6950015,267.4168575,263.4677184,262.0942671,269.2174984,266.9613509,275.4551746,276.8941031,291.3936142,286.3046177,294.4772699,297.4182447,315.3204782,319.6783189,328.5061995,320.8862888,323.8807056,323.1577503,321.6062239,318.5459008,325.8430059,325.9979695,320.4997428,336.9266009,337.5195982,359.5297948,348.8235632,340.4697533,346.1351121,342.1533098,343.1917971,346.8157033,359.460142,361.8707475,370.187379,374.9973283,377.3566527,386.899122,412.3783367,397.0319121,400.9940642,408.3998975,397.67909,399.5842418,408.397626,410.2537016,416.8579623,417.3474927,424.736296,421.1085943,415.7033107
13,苏州,100,101.0858531,103.5987419,101.7694729,102.6716658,104.4491329,105.0185344,105.8492672,107.4461406,109.0206751,108.5420991,108.1206917,110.0178828,111.3766147,112.3746984,114.0556749,114.240815,117.99,121.53,127.38,131.92,136.6,138.06,140.18,140.31,145.48,146.83,145.49,147.25,145.2,141.1,142.73,141.94,137.84,137.56,138.15,133.8,137.4,137.77,142.26,141.99,144.38,146.15,152.3,153.52,156.96,163.8,172.33,178.58,184.15,189.95,202.36,202.34,201.74,200.02,207.89,213.02,211.05,205.81,206.31,209.65,210.42,215.0243859,217.1218492,220.4367719,215.5984581,217.2060485,218.5657773,219.7791204,219.2745278,208.4961376,207.34803,203.9434126,203.1595416,208.1324412,209.9647354,211.1842407,209.8600146,214.5046488,212.8874632,217.3812959,219.3807951,221.0649486,222.0422094,223.066816,226.2733534,233.9347462,236.4242326,239.7574848,235.7795625,235.9961938,237.2393721,234.8548216,236.1734801,243.2388626,247.1223025,246.4887385,240.3999999,242.8748504,245.1641371,239.3197385,235.7048139,239.4264363,236.4498121,232.1898774,236.5989596,236.2853853,234.4073595,240.588847,239.8054762,240.7560051,240.3935824,246.5616819,249.5899982,251.3446458,265.0442028,269.179943,271.6289365,287.6412983,300.2573911,327.0849991,346.9744412,378.5638524,403.6687639,422.5384757,411.0296305,411.9404589,434.8452463,424.6470896,446.0347335,427.7113256,440.8017625,422.5521451,451.8662385,443.602004,453.8974442,449.8475519,434.4381561,437.0279757,446.4092749,443.2792798,432.9385493,432.9702399,446.7774511,434.109641,430.6152106,426.6533596,430.0625399,435.5005863,435.8097902,448.6825205,452.2031513,443.9544605,478.55223,479.1194593,480.0876875,461.587528,473.4781701,466.8656013,478.8047892,483.4188214,462.5129707,501.0206545,496.2476569,497.1567388,486.8921275,493.4709624,492.8034038,507.8566944,511.0306398,529.679475,514.9059724,507.6483439,520.2401051,511.6846792,508.5956655,509.5582209,513.0156444,510.4688392
14,杭州,100,97.749119,96.77698289,95.37458954,96.98052508,96.86082806,97.49640634,97.61452432,99.21041521,99.51847172,99.34558443,100.1987385,102.8369233,102.1379342,104.5483614,106.79,106.13,108.47,113.43,117.5,120.89,122.52,123.47,123.91,125.35,124.8,125.71,126.1,126.78,127.93,130.76,129.34,129.59,129.91,130.55,130.57,130.38,130.13,129.39,130.46,132.16,134.78,138.4,145.44,152.31,175.12,195.92,197.47,197.1925035,198.44,201.99,206.63,203.03,202.46,200.47,199.99,207.12,208.83,211.62,220.53,226.07,225.2211979,223.5264141,225.021804,223.69,221.8484791,220.8116258,216.4797162,216.9440488,208.1410067,202.4968573,195.3406983,195.2299536,188.1791112,186.0590039,185.9710587,183.1084707,189.2677871,194.4401138,198.5067164,206.879192,218.3593399,211.0073569,214.4525899,214.5154822,202.1909471,208.2884112,214.7605571,220.8633067,223.2627822,228.9758166,218.9038557,226.8108693,221.4554637,212.3361302,220.6514217,214.1344467,224.4714656,221.3793213,215.0344172,215.1871475,211.7694688,210.2299272,208.8704909,211.2956839,210.2416479,214.6681091,207.8434342,207.2614975,208.0339943,206.2313538,206.7641548,211.4942131,214.1145921,212.6557357,209.5999107,213.2029416,210.907617,210.3464794,216.2560788,217.823589,221.9491452,229.5068818,232.4044722,240.8172117,248.6019834,258.0843677,266.4121718,293.1609496,310.1948494,307.0283278,317.8017664,315.8283359,331.6074482,338.8295484,337.475853,328.3610198,336.4300558,337.3857613,358.56142,358.5136504,359.0654048,349.6480538,353.343661,343.4926078,347.8157674,348.9725333,351.0544179,341.7867942,361.2903276,353.6113456,356.8416546,357.4122249,357.8086886,363.0837293,364.0588666,360.3129042,354.7329638,358.0638181,357.5356649,362.6391326,356.8061091,358.8602196,361.3294803,362.8705775,364.1441499,364.8245027,367.7610799,382.0249443,0,380.5434156,376.4732097,380.9883087,385.8399386,378.0411547,378.8739093,375.7183196,364.9677808,359.9091898
15,宁波,100,100.6303786,100.9623006,100.6522177,99.05677652,100.8599767,101.1397125,100.8012485,101.3592625,99.87944926,102.5288256,104.3109211,102.1931177,101.9846992,104.1308274,104.33,106.11,111.62,114.96,121.14,124.26,132.78,130.55,130.36,132.72,132.72,134.94,136.38,138.11,139.15,138.63,139.26,138.97,135.05,131.56,131.08,128.68,131.38,136.75,139.51,142.52,150.22,154.39,161.93,170.01,178.29,188.95,196.51,196,193.62,215.63,235.8,205.56,213.16,209.67,222.74,240.65,228.93,227.6,225.78,228.71,222.92,217.3,225.37,233.31,232.21,226.44,236.6,231.46,235.84,217.53,220.28,220.36,219.92,218.75,210.44,210.18,207.91,213.33,218.9619872,220.2921689,219.0855563,218.6783049,219.7420261,218.7721472,220.1507588,221.8108218,224.1706822,227.6209457,221.1151137,223.4858203,221.2278234,225.3008196,224.9529269,223.0253776,216.104713,221.7195441,219.7348595,215.9056828,213.1919331,210.1097576,206.7670618,196.7719779,196.8486508,193.2467496,194.2882483,194.3432582,197.5748637,197.0475631,198.0092786,195.5935664,192.6067023,195.2916375,201.1238178,206.4381148,208.4943916,205.1622611,207.3468515,199.2249874,204.8730776,207.3085944,205.327576,210.1666784,210.6494643,210.3068527,209.4600464,212.6727732,219.2547135,224.5603782,234.526554,228.7854171,228.587938,236.4143001,242.6623798,250.9822663,262.3629152,268.5080868,276.7020636,274.5887063,271.629113,271.1379585,271.342421,272.8066505,270.7636263,272.0930297,272.8439032,273.6295078,275.3668758,280.7169109,288.5573019,296.7660858,298.0964874,296.9684926,294.3454766,278.2339976,283.3435817,281.9664891,285.2557916,291.0078764,295.4826001,302.7107894,300.3972349,303.1577131,302.5349829,311.5965584,313.9062749,301.2985237,299.9313924,300.925859,0,304.3720314,302.2552337,307.6426314,310.9885586,308.1119681,311.0377844,318.2758915,318.1596856,322.6736584
16,温州,100,102.665095,103.3575345,105.4553021,105.747501,104.1847938,106.636642,107.3477451,111.9969491,105.2462784,109.7135363,113.0515789,112.8812834,113.0902153,114.9553244,119.4877319,124.2621831,124.26,127.94,137.77,136.19,132.53,137.22,132.16,138.92,163.66,149.58,165.81,167.7,171.15,165.23,170.33,167.28,160.46,146.72,129.82,141.33,144.71,151.44,141.7,148.42,145.88,137.24,143.38,143.08,159.13,151.89,152.47,175.43,177.05,177.15,204.25,233.73,239.62,242.33,292.93,321.84,351.89,299.99,339.56,386.92,339.3822814,345.0902411,342.463936,334.4657505,291.3801962,0,0,191.0772106,219.2885995,236.2377539,193.6667043,215.8842433,193.9746697,165.789382,137.8758595,160.6567066,143.8219746,139.8345489,141.4932958,135.458841,128.0381203,119.6834574,131.5313323,131.5824314,133.5832218,130.4823658,138.2362838,125.6260194,127.5335714,131.1307369,131.0345832,122.1310821,126.1484856,114.157943,121.136561,124.7242182,122.8324425,116.2022154,120.450921,122.6455497,123.3380867,119.5391229,115.91183,107.6408181,108.9261158,108.9529189,108.0861792,103.5163783,102.6288608,105.5478037,101.7103091,107.7163381,111.3308763,111.6792055,113.0635229,113.9289099,115.5917204,113.6175821,113.0439956,111.1601433,108.7408376,106.8876694,107.9009767,109.2891295,115.2275391,113.2508056,116.6400693,113.8745615,115.5490076,119.0804567,118.2758027,115.1398461,113.8215655,118.8499238,120.8258196,122.7003479,123.7161605,125.9587368,121.0498151,119.1699723,125.2849127,138.4396935,138.557401,138.4175229,132.6673295,129.0193012,126.4217396,135.6668247,141.7684621,133.8762545,150.0787835,150.3966021,140.2429627,137.5432191,128.0914068,139.1200959,124.7407966,120.8618165,126.4174424,120.9451054,129.4445199,139.1450436,144.4199925,148.0388841,147.9713739,151.7281589,160.8314248,162.5989432,176.9354514,165.1187342,161.488753,169.6947272,175.2536124,178.8371436,179.8467212,174.98791,176.4432218,170.7109861
17,合肥,100,100.7,99.59,98.96,100.5,97.73,99.03,97.67,98.23,100.08,97.63,97.73,98.92,96.06,98.54,98.48,98.6,99.46,96.8,100.93,102.08,105.57,107.77,109.72,108.89,102.71,110.08,114.76,116.95,116.75,116.62,118.84,122.86,121.95,118.49,113.7,117.48,121.27,122,122.27,122.19,127.67,128.97,134.49,133.6,138.4,136.51,142.31,146.57,151.94,158.06,168.21,170.82,172.27,169.67,170.62,163.39,172.51,174.77,161.61,170.2130066,177.7866998,162.0373747,177.6417216,176.2593961,175.0889558,176.8455134,169.3301151,173.7150456,176.556157,168.4097187,166.3040986,163.3704977,166.9432864,166.2920532,165.4283971,168.7122727,169.7637215,167.7735683,170.7693584,171.7813719,173.0805744,173.6667485,174.6405179,178.8932117,177.6223468,177.3034121,179.8821745,180.9770786,183.0904509,183.4221961,183.3141023,186.7445527,187.0930537,186.1037442,187.9182475,190.3784249,197.026591,195.8739823,196.3442642,202.0649656,202.1987472,199.428474,203.1247532,207.2494965,206.4302224,209.0837837,206.8294668,207.6396324,209.7175386,207.4666792,208.7246221,212.9104597,211.8507626,224.4772848,222.6132066,228.8232308,229.157993,229.9945045,236.0606975,237.6308353,237.7292083,247.397624,257.0186935,263.9533299,278.3808093,295.9531131,295.6003719,313.8434079,355.6219456,353.1797996,362.971584,374.8800146,383.9415316,386.4919144,383.5759889,376.7828367,382.6416438,380.7994574,401.9759476,408.4664071,391.1501896,384.8495626,348.0663991,373.4009565,392.0134652,377.2067385,355.9513742,350.6094452,365.0277896,361.2321562,411.3897577,430.6364096,408.0778726,440.9596668,428.3381084,432.6779831,462.3832122,472.8003519,428.4486931,436.3154127,448.5237062,461.1004794,469.6136367,472.8093654,480.8584064,476.1545461,482.1257001,476.0789651,483.5022782,486.2198444,485.3826483,483.9181671,486.7541058,490.2957663,494.8943158,496.199986,512.8123717,512.6936211
18,福州,100,99.67801947,100.4667861,104.4658461,105.1839988,114.1394773,113.3126546,114.7947106,116.6868848,124.329687,130.4457094,134.8457264,142.4300631,143.3824961,148.2735338,155.2479071,158.462022,160.4067305,166.2983199,175.4695104,178.7254946,194.5859342,193.7571856,202.5800749,206.1341067,207.8395356,211.4224306,204.605244,213.3286622,211.8005188,209.0182258,211.9332661,200.8827878,184.8630282,197.1397233,189.7113101,183.1623889,183.6110729,191.6113569,196.5474775,199.7141273,207.6277983,222.2688492,221.8981669,219.4775828,219.9323025,220.5538355,214.2637143,250.8968058,259.0120801,266.6233522,284.6334295,272.7941859,268.314263,283.0411301,278.1132999,291.3622217,304.0059731,304.3611709,318.3068591,315.8884349,330.8301206,326.7057758,331.0592523,344.1700248,327.302031,334.518388,348.8251091,348.7373189,361.8760799,342.9818373,340.312654,330.504309,324.1890993,312.1644553,310.0674777,315.2353049,311.6914692,317.4210228,331.149104,329.9879699,338.5010947,340.6575617,338.3384616,343.7590401,353.2123688,359.4664078,365.0390699,373.0121038,372.5476676,375.5471708,375.2828406,384.8459104,390.1982838,392.4577985,398.2890592,405.766155,415.6543468,412.814368,407.0107859,406.8854005,403.2885968,395.5281245,391.255826,379.7822207,371.4201263,384.247734,377.8408604,367.4008459,371.113899,376.9991249,374.0412632,389.287185,392.5283541,394.6970112,374.0532525,393.3569435,380.2549741,380.5374312,396.8087145,389.9166371,385.6956613,410.7288671,427.6831549,436.1777529,419.0836723,446.2811011,461.7111551,473.2329223,486.8837588,497.7778368,487.2637993,466.1589377,480.1465596,506.2788296,531.9482442,539.1021395,541.9027758,581.9223105,603.2034498,599.7732682,603.4682293,598.8590188,590.5061796,579.4412256,593.9622994,589.8315935,586.7694884,569.0685982,603.611049,640.7843815,611.6219401,590.09712,623.1779845,629.7119856,635.7740821,648.8187055,656.4827309,640.408552,632.1324968,650.3319431,616.2399536,632.0649252,630.289446,635.1654807,625.3492404,629.5512926,642.6055337,642.6611202,633.245584,639.0495385,649.2678105,637.1560008,634.5771858,630.0706222,628.1528037,593.6073644,603.7882085,609.6335346
19,厦门,100,104.2049034,105.403747,107.0134135,111.1575079,116.0461766,118.5190672,120.1474504,119.8101724,121.2806235,121.4772253,121.7205875,127.7891966,128.4753407,137.2150011,146.2851324,147.2862399,152.2,162.22,170.67,173.92,180.81,184.54,192.81,184.67,190.52,188.18,193.41,188.72,189.18,180.51,185.81,167.51,170.3,158.57,152.79,146.06,145.59,149.78,152.76,164.63,176.76,184.85,189.39,199.72,214,219.04,229.34,232.04,222.47,243.76,252.1,250.8,245.05,243.25,252.64,262.59,267.05,257.15,259.37,270.49,264.729963,274.8050146,286.9736979,284.4691726,283.3777336,290.5953466,289.8955817,285.5337101,286.5016255,271.555906,276.7260736,279.32,274.7683312,276.4682731,273.2433314,276.3159712,285.5223402,298.7944893,310.5026512,310.9604007,298.7501709,312.157717,319.4410036,333.5480549,338.7143201,356.0661508,366.5849099,345.9933587,371.8940844,373.5967283,380.0210102,402.1317863,422.2146288,411.4827347,393.7933329,449.3243578,466.1849491,493.0637955,478.6313511,481.5473491,497.5996992,514.1362936,522.4176155,528.8070088,526.7889941,540.9204935,543.1685311,555.6454116,553.3363789,566.84205,564.9798372,577.3963494,579.6002031,584.869756,583.0694063,593.057875,599.5660447,612.7292257,627.976711,641.2530235,662.2268055,658.4652614,694.2792985,691.0031614,766.4528352,811.7163554,828.0571513,873.3471257,887.3008304,912.6423913,912.1113708,911.6189633,931.2633507,949.0654545,961.9328616,946.9874531,999.1448436,1026.104377,1034.47547,1055.502706,1045.985717,1080.76572,1085.361615,1107.523645,1191.427133,1124.75798,1123.251688,1188.043502,1184.560119,1187.617306,1090.200681,1118.884017,1157.472251,1159.273327,1063.357007,1021.594454,1089.837881,1067.374769,1056.831801,1091.629159,1121.493162,1141.981131,1148.450446,1145.10086,1115.785493,1137.58241,1187.729567,1175.925115,1233.73195,1189.00894,1184.952073,1183.916151,1190.290895,1195.733643,1193.37384,1195.725008,1206.851651,1178.181006
20,南昌,100,98.96994181,96.71003639,102.0399278,104.5900252,102.9099348,101.4399691,102.5600198,103.18999,105.8500082,106.2600124,106.5899598,108.3599777,107.5799964,108.9199221,111.6364745,112.3334299,117.0161268,122.1597601,127.7153109,128.7545275,126.9783608,125.4775696,114.6361425,128.3061593,117.0327108,119.2245825,112.6695921,121.0703768,117.7610038,106.6799522,107.7945907,103.6622104,104.0197504,100.4345529,100.5066849,94.99783581,97.49751441,100.7483421,105.5048138,104.4229073,103.9004226,108.9822696,113.0822481,109.4230097,118.720929,112.2305687,121.4337364,116.5871328,122.0940136,128.8597581,134.5478158,135.9462908,121.3990111,128.117877,132.7946732,137.8339735,147.5227769,146.7587173,156.2911746,157.8547655,161.8364103,163.8024392,167.1463027,173.0660862,177.7200144,182.2604045,184.103748,188.1944534,179.9713287,171.9495727,163.7114106,155.6626238,159.5418832,169.9007689,170.6000639,165.6991311,167.66,174.0497445,175.9525797,181.835265,181.99,182.3978337,179.9703459,188.8758794,184.9430223,190.0202515,195.849304,201.7912976,202.1845136,207.167933,209.1982731,214.2752297,219.7896986,215.7692004,208.8169994,229.3386932,221.9920349,208.3679617,207.0051479,214.5896449,201.0511327,196.779898,196.2526565,204.3968264,202.2611505,203.7164896,200.1180474,193.5118586,182.6649923,189.483071,190.7556782,193.497447,193.8860239,195.5173415,193.611381,195.8863883,198.3464586,198.5737095,197.9752122,196.9659418,197.6860188,198.5086263,194.7663818,208.188542,205.9686883,184.3991483,199.1349344,218.2730575,214.6781068,210.83758,201.8329846,212.8431373,217.4542949,223.5433963,217.899853,226.7304665,225.8298161,233.3715298,234.8258527,239.1320404,238.5778319,236.3226938,239.7504429,241.3507956,241.2296568,239.1347365,256.2942859,254.6632197,244.8047162,286.282296,279.8501789,268.9842581,266.0720682,250.5475733,238.1974519,214.712014,229.9287501,231.3121351,229.9820028,242.8130623,240.3391335,235.7815951,241.8647269,236.3023592,228.0195939,232.4802109,241.9050465,228.8836929,233.8488867,235.3609897,234.1484985,232.9507449,244.1579472,245.3734412,245.0138874,243.9167172,239.6268716,235.1513265
21,济南,0,0,0,0,0,0,0,0,0,0,0,0,112.3214541,111.8160076,116.3874908,118.1509376,117.173741,117.8364375,117.8925983,119.0495093,119.4875629,118.7462413,126.0696001,132.8088874,128.7091543,121.273474,127.9678327,129.843601,116.5222765,134.4487806,136.9760133,134.8980664,140.1097819,129.0798151,140.6039963,131.8092264,130.3265832,130.1917975,128.2823328,126.5525824,132.0114051,135.1339415,141.4127108,137.2006562,128.5621373,151.0028849,148.6012838,148.8146946,157.3735894,153.8803922,165.3034841,168.8416099,151.8361417,171.1441997,161.5294832,167.1904845,176.3222187,183.4414937,180.0175946,168.8303777,176.7595261,169.6824935,171.7930183,173.5062332,173.5289828,162.5602728,166.1845083,167.3111715,159.7530678,160.0839633,147.5371058,139.536305,143.4706749,146.6307314,151.4450658,147.1030954,145.7168965,147.3369932,150.9570852,155.4553005,153.4097971,153.4104782,153.8412757,156.7382861,161.4547113,163.4792121,156.1180817,160.5749359,165.7514548,168.2540313,169.8612656,173.2797692,176.2296192,172.2572083,177.2295885,172.5217277,175.1247625,177.6897903,182.7633911,182.4158735,176.576507,180.1929534,177.3106354,177.0442844,178.2131746,176.7972352,179.6373238,175.2138046,172.4201925,173.2190786,174.7403844,177.3496999,176.4035608,180.1676352,178.8010701,177.8413096,184.4987586,181.8257975,179.9716155,179.0116077,178.9182427,182.9092116,186.7435918,189.4715336,188.7547224,185.0581753,182.1076167,195.59773,203.999811,211.5294032,211.2146138,224.6300756,215.7341577,194.6881785,232.4496582,239.5318173,220.9469681,253.198276,268.261419,265.0103407,236.7471181,255.9450531,263.0148244,271.2165503,299.6451439,313.2253708,292.6089733,241.8157359,295.0122985,307.9299756,307.4551291,305.9914627,321.3976861,323.7982177,291.7812363,356.1862283,351.1825563,347.4696802,358.7100623,348.6476032,355.5950233,357.0535872,357.8995477,341.8318373,344.3274338,334.394167,341.3013458,335.6484821,331.1441862,354.5534245,335.1886312,342.5438891,345.7219229,350.5178626,348.7993194,345.8258726,352.8229124,347.5044483,337.9458608
22,青岛,100,100.2017031,101.334425,104.9373165,101.5093778,103.1712456,102.00065,106.9038522,109.6137411,108.7449168,108.2044876,109.6378326,107.4027467,108.5322141,109.8451995,108.4975902,113.3610319,114,112.94,115.61,118.13,120.85,125.65,123.24,122.36,128.63,132.65,137.61,141.99,143.33,141.51,144.44,141.59,141.88,137.53,140.8,139.52,141.64,140.47,146.4,145.36,147.35,147.78,154.2,158.59,161.7,165.45,170.85,172.02,177.1,187.64,192.2,192.05,197.56,189.43,193.88,207.84,225.8,212.18,220.51,217.11,211.3328128,215.8852218,214.5004952,217.3057566,232.0021032,238.7337596,237.4826552,241.431308,233.1366695,228.678208,231.0925354,232.2836585,233.0378234,234.1674427,240.3910959,239.6440556,240.7780216,240.9124944,242.9755879,237.3385009,240.3044631,235.2999374,245.721074,246.8225352,252.4526967,255.7019509,257.8145858,256.1643823,259.5553164,261.5057547,270.4349252,267.4302748,266.9632178,268.2308761,272.2226464,270.6847212,267.0537748,266.778758,271.4948479,265.2822356,263.6999011,264.4470547,265.3884741,261.3417202,261.2973921,259.0819885,260.3230939,260.2887079,263.1727101,262.9309603,267.2103411,265.5390862,270.7135434,268.838046,272.3322434,272.451529,270.0153714,273.4674144,273.67393,277.1611873,281.9419009,282.8834217,285.0685602,285.5093766,291.3259723,299.2720826,307.299838,325.0742547,332.2324595,313.8576353,327.9572756,336.9182253,334.0846354,352.7322662,340.6419666,355.1975867,361.3322286,368.5100592,379.1462523,378.4231278,389.3207919,393.2716309,418.7978677,420.8470776,437.3839828,456.1208528,458.96224,477.0570461,466.8974343,486.6733741,479.2849461,491.5659136,493.4042648,488.1264027,493.8932628,495.4386621,475.8294344,482.1959085,482.0064514,480.3710436,482.6576472,474.8142316,489.806794,485.6250138,480.6734463,480.8379445,483.9989453,490.3038922,488.3168468,491.338285,490.7925697,494.8446965,499.4519854,507.751931,508.4472534,518.2865721,521.0485726,523.0834552
23,郑州,100,106.8,106.95,106.23,114.74,113.94,119.47,112.9,115.42,120.51,124.55,118.83,117.94,116.36,126.05,120.62,130.87,133.57,130.05,142.91,137.56,141.64,138.53,154.23,143.47,153.51,148.56,146.45,138.54,149.62,140.32,139.76,147.4,145.78,139.76,144.05,144.28,146.56,143.51,151,151.15,154.02,156.59,158.71,153.31,160.85,163.68,164.54,168.6,169.75,166.77,183.68,187.64,176.87,190.72,192.45,197.43,213.17,212.41,228.63,239.58,242.1206187,230.74,241.2112558,234.3703372,252.9593981,246.051913,267.4984252,266.2468107,257.096882,239.854335,235.3436631,230.0895414,229.0228383,241.227315,249.1489704,232.2617129,244.1130657,258.1143665,263.6459293,269.4718948,269.7900231,269.8452634,273.107162,268.8596881,278.8693881,298.0653646,286.6774333,275.962595,291.7248116,293.748798,303.7805034,296.6628887,303.2638671,290.9891677,279.4658918,314.0268598,290.8164385,318.2941693,310.0046417,321.9919418,321.7938968,312.9260872,324.3721938,305.1202508,302.9555804,313.5460546,306.0247979,293.9152701,296.6016443,316.5575993,304.3414429,323.3034886,325.6192136,309.2169452,306.1177235,320.6250918,321.0209723,319.4262979,325.613526,322.1224435,300.6360785,330.4317502,326.7651725,319.8802809,325.6915955,349.155541,352.5429305,371.0470733,365.6935227,345.198858,378.9015468,333.0608551,389.0201302,402.4916042,405.7467446,403.1953446,418.2800554,438.4932933,413.9172032,430.1304602,422.9481857,410.4807634,412.2621505,393.8918556,439.3798488,413.3898283,435.2131501,418.5578381,434.8963292,438.418043,445.5893931,453.2385036,478.7652627,459.4515965,485.0635116,414.531355,469.8513412,460.6643101,463.1703234,443.1386061,447.6395588,447.7181641,456.4675578,466.603708,444.6743831,450.9138986,445.0709327,442.5570826,436.8496904,444.7596843,461.4113349,459.8820593,459.8334501,467.7665959,482.7665914,0,0,0
24,武汉,100,100.7447596,103.0565829,104.4180117,103.5852749,105.5042447,104.2051813,104.9905915,105.4987312,105.9986304,107.6764554,108.1199958,107.6589401,111.9282043,108.3144814,109.4525279,112.0635145,118.66,125.49,129.58,139.61,143.91,152.25,154.82,144.86,138.78,137.39,134.42,146.8,141.46,141.21,143.88,137.46,136.28,137.05,131.66,131.08,129.76,132.05,131.01,130.52,132.44,135.87,140.41,137.52,140.79,147.8,148.09,150.25,158.49,150.16,165.48,166.91,165.53,169.57,151.84,170.79,175.87,172.77,179.87,176.48,181.9876042,175.4885408,177.1144291,176.7910357,174.4912161,177.4346943,181.66,185.2285568,181.4136662,184.3613374,184.6635154,188.2955763,187.7615173,183.7546853,181.3846783,181.0069533,181.3598872,177.8528104,178.3738646,179.3300205,174.7676312,175.454063,179.7914274,184.1085735,183.8919677,184.6244049,189.0476077,186.0356426,187.9092046,190.8793749,192.366605,189.290873,184.7392108,193.3364595,195.083238,198.2969176,197.4030547,200.1976524,194.2813587,197.1636414,201.1335002,201.6593948,200.7967782,201.9417131,200.7413345,203.3481522,198.7995332,201.3487661,203.2576427,204.3625492,203.0867395,200.5605204,200.6125189,202.5906624,207.4804829,206.8807113,205.5899623,208.4906328,210.7040887,212.1523927,224.3401806,219.3846788,212.0398104,218.4114726,219.8749941,222.7404808,220.2410936,232.0859501,230.6033138,238.7060457,236.2261334,237.5047902,244.6205083,248.786674,243.1320112,234.4163493,242.3635936,247.1313894,245.4857737,258.0136254,261.3526146,264.9209026,253.5747712,274.9190934,267.9800743,272.2996381,275.9751565,278.5601968,280.721395,273.1465809,279.1203787,271.7977283,288.0988427,275.4164477,290.7199285,306.3820228,322.6345128,309.2788886,312.0443868,310.4046191,304.1720549,307.1982203,300.3898496,308.3926935,292.3120109,312.1106005,307.9683779,322.0774877,0,0,332.9158076,325.2654547,332.6671612,341.1830869,335.6560978,345.426751,345.125571,350.7976932
25,长沙,100,101.5938687,94.96346,99.2849686,101.6691777,105.9370644,104.3000859,107.4209455,107.8065969,107.8250574,108.6284168,109.9997018,107.63,110.82,114.67,114.96,117.93,120.84,124.67,122.44,129.34,135.82,136.7,141.18,141.86,142.21,150.6,149.62,149.29,156.37,158.81,165.21,163.59,154.47,164.04,156.1,156.3,161.35,158.55,160.51,164.17,164.9,164.86,168.41,170.88,165.82,169.81,173.29,172.33,180.78,182.81,185.68,192.64,191.28,190.81,196.88,194.68,206.65,207.37,213.18,216.09,230.25,222.3883704,233.4889588,235.7828895,242.7563246,242.9497077,252.0172019,248.8645207,257.6901308,262.3770541,262.3804878,253.2513246,256.7751737,258.0954952,255.0415924,253.5132428,252.5671409,258.5012698,259.8184008,259.4843911,260.2551151,262.6850047,262.5874516,263.7097457,279.1592144,278.4327437,279.7152967,283.3161375,281.9840185,280.6028575,280.484474,288.7146144,286.8858716,281.8281586,286.504593,284.0564126,284.0847607,285.673635,281.7262462,281.6677459,278.1487413,274.2955042,274.8247797,274.275822,266.6339282,265.8149918,261.9055178,261.9675592,257.1480565,258.9607494,254.2485668,256.3113643,259.7945928,254.9394044,261.0178294,261.0256378,260.2715247,258.841245,258.6635859,260.6607842,259.9486319,266.3211956,261.6573098,265.6522877,265.2447556,271.0244342,271.6340484,270.350044,279.3027828,286.8497583,279.7117292,298.1337425,297.3551165,290.0536603,306.4833436,310.6494641,311.5051386,313.1691517,315.6714056,310.4356724,330.3995444,326.8533922,332.6574778,331.6820797,335.687613,342.9298005,335.8741587,335.2988118,338.445298,344.1587557,343.2712254,349.9098217,344.8622744,353.5769565,352.0190362,347.1153628,346.4285292,345.5539067,360.189443,343.1122904,349.6071808,348.7609368,349.2852356,366.2120679,367.4033853,365.5475203,365.0258183,374.1660138,377.268192,380.4420999,378.8768813,377.9339856,380.2050119,379.3732254,378.8347946,387.1624747,402.0038681,393.7301539
26,广州,100,106.66,108.6,110.51,112.56,118.8,121.21,120.7,117.86,125.44,130.2,133.98,132.8,142.24,144.56,147.8,160.14,153.32,160.25,174.65,183.7,195.9,224.35,200.88,188.9,200.17,186.54,182,188.46,173.07,181.35,175.54,171.07,166.84,161.97,158.41,159.54,156.97,167.22,168.98,178.87,188.24,184.5,181.66,187.14,190.35,196.96,201.96,212,220.42,225.74,231.28,245.42,244.8,243.92,233.84,237.62,242.18,251.2662584,254.04,258.74,273.9464095,274.9083069,284.2341764,281.308667,283.8708933,290.3811898,291.710009,289.4659702,300.8455911,304.5944927,306.8667916,310.188058,314.1661399,300.6944056,296.5559979,298.8571901,291.51121,288.032154,301.4189443,303.5832602,305.6250595,315.3380905,312.107322,323.8774414,318.3574742,332.5931785,339.3642585,332.3260815,340.9974226,342.540491,345.1181483,357.3986658,341.5591441,346.2469262,345.1899922,345.9646724,349.6034824,351.879251,353.6061715,362.460616,364.5379139,368.3302876,372.2129539,366.2733534,367.0488853,366.1593802,359.0768943,362.3602081,355.197868,365.5601289,362.3749748,366.9016277,378.6127901,377.0049945,385.6178069,385.6205028,386.7566317,390.7445559,384.1085271,396.0645763,391.8812318,393.4491126,393.9625843,411.7459357,413.7930872,416.0181266,426.029587,433.753426,429.9075934,447.3272536,466.7560066,468.2430312,481.0767637,491.4402274,498.7981687,504.6500593,515.2993702,531.5042909,521.1353761,519.0244803,532.1577969,522.9120669,522.13359,527.0629281,521.9890344,515.5529436,507.7872246,503.6262192,501.21056,517.9273885,527.2192893,539.9657111,558.0049065,571.1812902,581.0113838,631.7060995,655.3185279,684.6469754,687.2377746,732.4204246,741.3010313,762.9925574,779.9474844,778.1712014,797.1082355,788.5253368,797.5816313,786.9316534,805.5226938,800.4149826,800.9458692,796.2538332,800.4778827,803.1081841,814.4916024,834.0011796,840.4508338,846.1413814
27,深圳,100,102.04,102.19,104.72,112.58,115.12,111.87,108.15,118.39,122.21,121.78,131.83,128.11,126.86,131.68,136.75,154.6,172.32,176.11,186.69,196.8,202.52,181.06,186.29,164.89,163.82,161.2,150.53,150.65,147.28,143.6,138.74,135.33,126.87,124.69,123.9,122.36,123.63,125.68,128.43,131.8,137.94,145.6,151.92,157.6,169.82,177.07,185.3,190.43,193.13,204.47,221.23,204.14,196.4,211.36,216.32,218.35,221.84,218.5,223.08,231.8367119,242.6672939,242.7746655,256.2434878,249.5036116,236.7473975,236.470252,232.0508469,229.4016866,222.1443722,216.2201689,207.9631874,204.3843429,185.3606725,188.5444173,204.8612921,199.4727728,201.6786314,208.7772284,213.3168628,216.1286839,215.4941622,214.7889309,221.6251732,232.4093055,242.879106,245.1364861,254.8412171,252.2124722,251.3674711,248.8209302,258.9403566,262.7024554,255.4993228,259.1272321,276.5441075,272.5576335,273.5032491,277.9510375,275.9268669,281.9620377,283.6668325,281.8310866,276.2184188,272.8325087,277.7166381,275.4107921,275.8787309,286.4892907,292.6065202,293.9499276,296.2195164,317.1486738,330.6457734,349.6617862,374.6096511,390.6468086,403.8789704,422.0306264,426.9860444,439.2075836,477.1857322,473.0063244,504.5691528,511.3913512,540.544305,517.077734,565.0187923,572.5283601,563.4146327,569.7217194,563.4806776,581.6845556,586.5207954,597.1102815,607.73104,607.407634,606.4023965,604.5924175,599.6813811,610.9767686,614.2205015,618.7995977,619.3039157,642.0761189,639.1467948,658.9186279,646.5136779,649.8618829,652.3609972,660.6651282,668.8534727,673.3375281,668.4798676,682.2269278,672.4031712,672.8539188,682.1968381,683.0806034,671.2912631,667.4931129,662.567221,669.3129481,672.2139103,671.5336463,675.9439478,675.6234955,681.9455022,686.7673722,688.4993973,702.1997702,704.9362219,712.5821741,715.011888,710.6629357,711.966043,715.2173944,720.3685838,725.7553117
28,南宁,100,100.6512112,99.07926496,99.46294731,102.1016807,100.6750684,99.96047448,99.52137132,102.3556392,102.6267004,101.0993383,103.7032322,100.6879028,106.4746402,105.2732756,109.7780607,110.6833449,113.4799938,111.2543709,117.5854983,115.9623798,120.1850834,123.7951874,125.5937397,132.4077624,136.3521288,141.4400757,132.9844728,134.2199328,131.0244243,134.4995191,131.7255212,133.8856283,126.3017608,127.2555691,127.1139721,128.9111186,130.2452088,132.7379726,134.450357,138.422416,137.3398296,140.4794384,141.801165,140.5860994,148.0232501,152.1247789,161.2515962,169.8091404,176.1090406,182.8334757,190.6774788,167.4226594,168.1147131,167.4363859,183.9423737,187.5330055,181.2901812,189.6524361,186.4800589,185.3952676,173.6828932,168.3876127,174.1892381,180.0627983,186.2164111,180.9819828,192.6778359,184.8025906,190.6794483,187.6207219,190.1713423,189.15458,188.4129017,185.5919829,185.1563635,182.6331288,185.1910312,193.156418,182.7613488,182.952423,184.0807554,185.7013294,183.7678184,188.2083186,182.9256988,188.377299,191.3519585,190.9875903,197.4614918,195.7653006,198.0348804,196.8586097,196.7665124,195.3088687,197.7916631,199.6012798,195.4955137,192.9372151,193.7544581,192.8559708,185.7308129,185.3475235,182.3961309,188.2827092,187.9351606,187.9100069,187.2139836,182.4903834,189.1154421,185.7329935,192.6722859,189.9001044,188.9039488,189.0954405,186.7543724,190.8781487,190.126718,189.3132583,192.7175631,191.5132886,195.0561896,192.4683119,196.7253246,197.8924207,195.5126041,203.413792,203.2830271,206.0362496,204.9984081,207.4876574,203.5151394,202.9478715,211.6176558,213.3016219,207.3146126,214.9637962,216.1532803,217.3236331,221.6857895,228.8361277,226.7005389,226.576741,220.823247,223.1869459,211.5724188,217.8058844,211.1715364,210.6411795,208.8756373,208.1689428,209.5075358,210.3073939,217.4019567,212.545477,213.6768293,227.5137236,248.0799538,229.0282732,229.94154,240.9372558,234.1618097,243.3497416,243.2029302,245.4834213,253.0605435,247.0268723,240.8215255,244.6094841,258.1134131,270.1542405,271.887137,274.105497,298.4053267,278.0628795,295.2887477,299.6042864,302.8507687,297.6637433
29,北海,100,97.68443049,103.3898904,107.6019947,103.7209569,104.0947129,104.7589,101.0484357,107.2115397,106.8067497,106.0079042,110.5711153,114.0935689,116.0188271,121.1253655,125.8886543,131.6237047,133.75,132.23,136.49,136.01,131.22,139.2,143.45,141.96,151.37,153.3,160.27,161.72,169.29,169.72,167.75,166.9,173.54,166.63,166.23,168.98,173,170.08,176.75,179.13,184.53,183.73,181.5,194.12,191.69,194.8,202.84,206.14,213.96,212.99,223.28,228.14,223.89,224.77,230.99,227.84,231.61,243.41,237.49,251.4,259.693331,249.55,259.8395431,255.35,262.0382158,266.4218647,268.4740462,263.7111048,267.9209087,266.5508655,263.5531455,265.1933855,272.8527162,272.8387153,284.221946,270.8740101,267.8052465,272.2367487,272.5351615,268.2182237,272.019081,272.6747104,273.3426222,271.5421836,275.7996494,276.8937179,271.9495702,283.4463019,282.3080058,285.9613546,286.0341918,288.0478395,289.4326236,292.6228239,296.8351301,292.9897516,298.0927448,297.5862365,299.6372118,295.8664159,298.9876253,296.547546,300.6938391,304.7980573,300.7196809,301.2393696,305.1196704,298.8619015,301.3841265,306.7783275,299.3329647,305.8251493,304.6024555,303.0574911,321.6587454,307.5452011,306.8652098,305.2420142,306.3351833,302.7174331,311.8391604,301.5957087,310.2920402,303.2891447,297.009062,300.8558955,300.2730489,301.6071744,300.9134499,300.2782194,305.077197,311.5884743,315.9820914,320.2640797,328.1082516,354.1356426,352.6727248,358.8499618,362.0087176,361.4269889,374.781893,365.7862678,377.7863519,368.7391269,359.1085876,374.5411543,377.4792655,380.831003,392.3445266,381.3379163,389.1351275,375.482914,378.3954609,388.0119565,401.8241901,397.4104201,430.0677639,433.7932323,440.0793764,442.7417451,446.601894,445.4703875,441.3512288,442.0606619,432.4960942,434.0558168,436.506318,428.0514621,442.4542802,428.9052954,419.8494666,433.6647788,422.8024588,428.5139873,421.1164626,423.5944985,417.8194821,413.9809029
30,海口,100,101.5197322,101.5989485,101.2270674,101.9346769,101.5993549,103.5564477,105.0087215,104.3115209,103.3235189,103.3859855,104.4018672,105.6160905,112.135538,113.6498793,112.3581131,116.6164138,122.6090632,123.4484175,122.8729374,131.2310764,138.1273336,137.3215364,142.6066696,146.3549449,161.8728923,150.5865744,164.6372319,164.1461208,165.7271141,160.0644167,166.233257,165.6538907,161.4543284,163.9803542,157.0363306,152.3240318,159.5911583,168.5096755,179.5683947,179.2063388,181.3909661,190.486106,190.1839868,195.7419707,196.5644124,194.2475706,212.7540191,229.3384299,260.1916056,251.6955557,256.5574905,275.5956553,275.1392311,270.9671523,273.6574699,285.2966057,304.6146068,307.4015857,310.0083547,317.5924245,303.5937234,319.8351901,311.908963,297.1169566,311.4849479,278.8236241,284.9407014,302.3686111,290.3852378,300.6339646,272.9812876,271.3085459,291.408329,291.1297803,290.2727837,267.2590055,262.102025,270.4967452,288.905039,282.7558065,281.2919942,269.5839878,288.8682293,290.1936011,276.713489,281.8688387,294.571353,296.1998065,291.1268608,311.5777407,311.8874591,308.8376714,293.8733909,303.551237,301.2291941,301.3004546,316.0137092,305.7402819,309.4335951,309.1891936,305.5076919,304.6627048,300.4084956,294.6348556,299.8974043,304.5672188,307.7066884,309.8972387,303.4189517,307.4582895,308.9750634,308.1874429,303.4699908,311.6097156,313.7864943,320.9605893,315.171482,314.7269192,316.5111657,320.9738254,313.4900056,319.8473528,321.5092472,318.511808,324.4080827,323.1526129,323.7465083,315.7015339,328.3910947,327.7020399,328.9850903,331.411948,350.0086225,359.6982407,329.2646393,352.5152971,371.3428499,363.04454,359.6780891,329.4140841,333.1378977,335.4080465,335.9843702,335.2639049,334.8734926,323.4380151,318.3308033,315.9006629,507.2451749,591.7185654,486.3514283,488.4983136,506.1122775,551.7319557,530.8709532,522.3319374,506.5939842,522.2151685,616.7554646,576.4959957,557.7788574,563.2370158,538.4499221,555.0997709,550.2655407,538.2250466,516.9255538,521.5663707,544.9316602,527.8122316,522.3788941,522.9593426,533.0119435,522.2756829,540.4733755,476.6508546,0,0
31,三亚,100,102.88,106.11,106.61,105.68,106.75,113.83,107.8,112.51,112.19,108.64,120.28,129.09,136.67,133.33,137.66,128.28,134.27,128.31,134.6,146.42,142.69,150.11,151.62,151.15,159.83,171.33,166.23,173.02,157.7,157.08,175.18,164.63,172.37,198.86,211.71,206.12,219.08,217.73,213.53,229.12,239.56,245.21,269.25,272.36,270.51,281.75,283.81,336,354.1,335.02,361.05,330.93,308.51,346.98,349.74,350.65,390.17,406.32,438.6,449.48,448.63,439.09,369.7834745,350.83,324.5770157,330.2336113,326.7978811,324.1486954,324.9937163,328.6680773,344.9406998,369.331362,395.1560323,395.9214454,402.0184257,399.4490209,404.101317,412.0098408,400.041252,387.9052773,399.0308352,429.7217253,412.0481622,418.9365997,417.2594574,436.9474873,438.7334039,435.2364294,451.4320168,449.1978242,486.4362505,435.6827503,452.7938112,459.9859837,450.0104208,455.0088515,451.056621,454.8073077,463.1042511,449.6921781,429.7284257,454.4011105,432.4657002,447.5549201,446.9190708,427.3915623,434.6011854,422.6571407,404.293959,422.1919687,411.2006186,416.5831946,366.1184226,393.0582222,380.2584904,379.4618062,379.4912928,389.0094438,413.2680473,413.3718538,417.289905,412.538852,423.4235795,418.4976232,413.0049378,411.8584006,414.8586199,426.0459963,433.8637599,440.0823591,444.8593908,457.847536,490.4080475,521.3266241,508.1458936,525.6830083,535.4641365,556.5054514,567.3278881,588.6352773,591.2242492,668.9369823,628.1730406,651.2011876,656.7291775,695.7961137,682.9652726,666.9146906,741.527768,724.4481939,764.7930951,1197.023972,0,861.9834804,920.4190516,964.3779658,1008.572746,1017.102944,1020.036612,989.7868668,1016.780304,1006.074692,1010.766459,987.9670814,1007.664667,1028.712293,1052.532102,1104.495147,0,1070.203323,1102.011629,1097.749771,1052.204456,1084.768619,1112.014823,1108.530089,1109.849081,1105.272769
32,重庆,100,102.2314322,99.82535269,102.4400947,104.2572274,104.7498562,105.6199407,100.8807897,102.6573042,108.5392654,108.9912502,107.468735,111.5066828,111.3006056,109.7497087,112.5747607,113.542651,111.07,117.27,121.46,126.06,131.31,131.56,138.76,141.21,155.08,156.5,163.31,158.76,159.59,157.83,156.54,157.11,153.51,148.48,150.66,152.27,153.27,155.52,159.25,163.03,163.92,166.42,170.85,176.96,184.46,187.41,200.03,201.06,209.18,223.28,230.69,214.62,214.52,222.74,231.05,241.36,251.19,247.82,263.26,274.82,281.37,276.1025618,272.55,278.1,267.23,271.23,270.89,270.74,257.1689231,254.42,248.88,244.98,249.57,250.9375885,255.992318,255.2642617,260.390651,262.8834008,257.264904,264.2334437,265.3942942,265.0401437,258.3077312,263.3665667,264.9488868,269.136083,273.4520551,273.5954229,277.9122175,284.5727749,282.8599575,282.2685949,278.9063351,284.305777,281.5459902,285.5238945,283.5065677,279.5862801,283.0172876,276.4465253,272.3346866,275.0557269,265.0000372,255.049205,263.5484068,255.2446518,274.3654609,265.3595042,268.3259168,269.4556907,269.9444723,261.4128254,272.1028272,268.0165485,266.535793,264.5989019,264.7443889,268.8182439,266.514537,269.2481251,268.2140995,268.7292125,258.6075617,269.4745158,270.1576254,273.7037652,272.038045,279.8007182,282.3503408,289.7029439,296.172616,307.8977412,308.7868019,319.3038256,329.2706177,340.5316385,348.8437193,350.7510367,352.3114481,351.3816988,353.9257397,357.1988383,360.678484,367.1250587,372.7541277,378.3625403,385.3585263,390.6195236,400.3676802,405.349296,409.0923098,415.3387431,422.7493594,434.6691839,435.3086782,425.1542456,435.5509964,431.6885743,434.6401522,440.3312385,450.8800692,457.0016635,455.2068316,460.9318039,465.4135387,468.8610445,472.0006183,469.2220107,457.2006052,468.5820373,471.3762426,480.4383966,483.4314853,492.7582727,488.9743899,493.288313,498.7491293,498.1527307
33,成都,100,100.37,103.29,106.5,106.51,106.82,108.96,108.92,109.93,112.95,113.49,114.05,115.95,117.53,121.01,120.03,121.94,123.63,125.1,129.34,135.44,139.54,144.36,143.19,142.17,137.81,136.01,133.68,134.71,138.01,136.4,136.4,135.75,129.12,125.27,120.74,120.12,120.62,126.52,129.22,131.55,133.46,136.07,137.93,146.86,152.45,157.9,159.53,173.58,174.94,176.87,179.48,174.63,175.62,173.92,175.06,179.04,183.51,184.37,182.32,187.97,184.64,197.38,195.37,196.74,198.2054648,197.1735895,198.4359352,198.0225674,197.64,197.4843425,196.8272228,194.7942882,192.9297034,191.9642368,190.4352705,190.0042505,189.9148778,189.8224037,189.0002064,188.6225626,191.5043148,192.45,195.721171,195.0939169,195.3284128,194.6494294,198.4708372,202.2887655,206.1883713,209.1880314,207.8323962,207.117905,205.8247824,208.9546288,207.804943,207.7207745,206.2958393,204.8143492,207.45,209.1459865,206.5122902,204.1076569,205.5484981,204.9144359,203.3159214,203.5767021,207.8405354,207.3711127,206.9821022,204.5474176,205.1698932,206.3056575,210.8169066,214.0414627,211.7874552,215.3203649,217.5773992,216.0830761,219.1302992,218.3498747,220.6276398,222.796517,225.2056514,226.8778468,228.7471411,233.2921778,236.954673,240.5649003,240.5154935,240.5024467,240.467167,240.3457338,240.19,240.3861495,240.346331,240.3230333,240.3227557,240.3111603,240.2879038,240.29,240.2751464,240.2332721,240.2251535,240.2024038,240.2018599,240.1980355,240.1982043,240.1799112,240.1768385,240.1753773,240.1596032,240.1581977,240.5443126,249.1519541,264.4556913,243.8146577,249.229047,259.2852479,292.6155093,300.2690414,316.3538576,292.0328375,296.7711115,305.5060571,326.7523934,332.8430814,320.9181624,327.5169004,331.3053038,338.9878865,342.0325074,339.5926548,346.3674921,335.6520234,345.4730753,356.4241089,363.92459,354.3841786
34,贵阳,100,101.797158,102.9625352,103.7860103,104.3928499,103.8750969,109.4204192,106.6344856,110.6790483,113.8461163,114.4384816,115.7521436,115.3476676,119.709119,122.4758567,125.0890011,128.9523216,131.37,132.12,135.06,134.63,137.78,139.19,144.4,141.87,148.85,149.77,148.86,151.03,149.18,152.59,155.46,155.53,156.87,153.98,151.75,148.57,152.42,153.7,150.77,148.84,158.07,160.03,162.23,166.44,170.52,171.72,173.87,174.37,181.83,183.06,188.2,193.76,191.36,201.78,198.29,200.14,199.49,206.9,209.35,213.77,206.984656,214.5023857,211.8130918,213.6331424,216.4408111,214.4392625,218.2735237,221.3553976,218.1828237,222.5323066,221.8250619,219.2404854,219.6105013,215.3482047,213.5414614,212.7106104,218.7751079,210.5061015,214.4088087,212.481406,217.6290218,212.9419568,213.1257419,210.2751569,208.6498802,209.8963076,210.6109103,208.9940726,211.1898116,214.8954294,215.5156608,212.5759085,218.9658434,219.8741837,215.7705255,218.1353848,218.4530136,219.4432019,222.6680498,223.2249844,225.0592195,220.3927704,228.8939205,224.8614652,225.6112716,228.4936798,227.5457942,224.0845676,222.2888937,227.882686,225.7579584,223.6546427,226.4804962,227.4493982,225.12082,228.2898938,228.991321,228.2869845,229.8263392,225.3950275,230.1878434,232.2417994,235.6388724,236.2426359,235.5213651,236.21431,239.9111159,240.6773421,240.3323441,243.7645535,240.0276803,238.9309503,248.3791034,243.1196456,249.3200313,254.5552106,259.6741544,270.1694154,272.8271715,278.3588516,280.9901517,288.8386092,309.9935861,299.9573921,309.2773284,328.0646877,333.9278242,349.6072401,361.5122804,368.5307224,388.5019341,367.8147495,396.6665012,405.9008078,409.4127036,380.1195464,403.1433094,399.6624046,409.4095646,424.5306112,420.8487129,418.6270895,417.8929718,426.7379382,417.3947111,422.6936101,402.1484653,403.1273097,404.9556068,405.1814808,410.3997334,405.0641245,410.090568,409.9266964,414.2510778,411.69902,403.0672361,406.2982102
35,昆明,100,100.9310072,103.2708539,105.3129281,104.7185407,108.4993504,109.2771358,111.6720949,110.1147945,111.1249394,115.6360937,117.0661584,121.3082919,120.0036525,120.9558409,121.7912232,124.9173935,126.6,136.46,136.83,128.26,132.43,124.69,139.83,136.28,140.34,138.01,147.48,150.2,157.38,153.22,150.77,162.42,160.58,154.21,159.12,158.99,160.16,165.6,161.16,164.41,168.46,170.74,174.02,178.85,183.07,186.34,182.6,187.92,194.01,198.96,201.25,206.62,214.84,200.83,210.59,204.51,210.4,209.11,195.09,194.4288953,204.8025156,229.9299616,229.1943075,228.1101647,223.1162335,247.7567043,251.1408479,267.1266814,257.7256697,249.3438548,258.6095011,257.9548593,249.5326827,247.8887121,247.2472388,255.9144482,248.3826837,258.7473787,260.113832,260.961634,270.6769351,272.5794814,275.1700339,272.7147786,278.1013587,284.8094747,277.7210498,288.1364334,297.3405886,296.1073854,301.4729133,313.5460371,317.615495,307.0996523,301.6954314,290.7983112,300.8582065,302.3770273,297.7451433,310.5064114,320.1127807,329.1005323,321.9393151,328.1067143,326.6520099,323.4539629,321.0390299,315.2760605,319.2952996,322.2900469,328.2073723,329.7007118,330.2178602,335.9590205,332.8887575,331.3926945,330.1917482,333.7828587,334.178769,330.234914,340.3290698,340.2798782,343.943559,353.9845758,362.5675448,355.1050164,360.9768751,360.6062889,372.2525066,371.8868662,393.9699407,395.5816584,398.9725075,405.6947866,420.4229753,436.9090165,440.6897562,448.564042,451.7967999,451.4017331,444.5360834,489.6178316,485.4060197,503.8408067,534.4342629,543.8185242,556.344791,542.6481778,612.7606099,582.8721806,605.4920788,594.0732206,601.610159,608.1459523,587.2473131,570.9038868,591.9386169,554.9662422,573.8557358,590.6859099,611.1665943,612.2565199,603.5483271,631.4522636,641.6095465,631.6891778,627.1112243,636.7854417,626.8427541,622.6499414,636.526459,645.1836842,665.6323589,653.7503275,654.2394131,655.3124382,658.7611337,651.6455826
36,西安,100,98.29560313,96.57053079,96.70089235,97.56790825,96.45278658,95.09045823,93.57438022,93.32381219,95.38851525,96.98481028,96.80167373,99.76076276,98.74405516,99.89701557,102.9302238,102.6077477,102.4903043,105.5902184,106.8552923,110.6505142,114.4940213,116.2226338,118.7044965,121.7947534,124.1800455,126.0052286,128.0042386,131.3359219,127.0964756,129.8873639,132.1278002,130.6019858,133.1514479,128.989258,130.2833031,128.6029759,127.8110975,132.0119156,132.7844798,133.547387,135.1504578,137.4971217,139.003622,140.5680646,136.0582208,147.9846814,141.4468565,147.6756557,155.5847822,159.3993181,167.3084446,167.569185,163.6291074,166.0723418,174.3194651,177.8829177,190.0701187,185.1063934,191.8566735,193.2958406,191.680331,185.8038865,194.9366988,197.3166022,205.4673338,199.6221176,195.4808841,204.6118851,203.7201493,202.9269896,203.5563379,205.810759,208.5843932,205.9891598,208.2899549,209.4241868,205.1130222,208.439193,208.1328207,206.3085747,204.8359865,210.9161521,209.5948572,212.8151382,208.6212333,214.6105976,213.3609098,214.6048065,214.1206257,213.4289449,211.4554999,216.3759396,216.8031861,217.2385297,212.6415949,213.4900745,216.889383,214.8698083,216.9297071,215.4266284,208.5724961,212.3863761,210.6952415,210.6424589,207.3655179,208.0712667,203.4495278,205.3549356,211.1352295,213.7838701,213.9739798,211.0608045,214.8791431,211.7653473,211.348326,215.0260937,219.8727421,223.6150341,226.8756566,219.6512372,220.2170592,220.2624078,225.3091437,229.0436448,230.1421591,230.5815053,227.3278827,230.5969386,234.069023,242.0365922,245.1354951,242.1719524,251.8829966,256.3932162,257.5997412,264.577085,266.235157,276.8490839,279.8790043,274.1245672,283.5523744,276.7675413,274.7201133,274.1585358,275.6407902,275.5728329,277.7581238,280.8986861,280.1784993,289.8627525,301.9064394,316.826573,354.1252799,357.5788212,356.1521523,348.2491596,364.5429401,375.8328617,377.7728261,383.7129068,376.8067272,378.4599868,378.9181154,367.4794107,396.7243038,378.0822142,398.264962,395.7119678,478.4705169,455.6414628,466.9216513,476.8438603,473.6075078,493.5503286,494.36443,497.1276878,501.2517993,491.0149025
37,兰州,100,94.54672776,98.08624925,99.02330099,99.7095227,94.67539879,85.77696689,97.81800208,96.11446054,90.20101166,88.59794684,90.95507486,103.25,107.95,108.34,104.91,108.67,110.56,110.57,113.59,119.53,114.55,121.72,122.38,126.38,130.49,131.65,130.92,133.06,138.39,140.62,140.61,138.31,143.1,141.18,144.73,146.44,150.02,150.21,148.69,152.42,157.02,163.47,171.31,166.3,171,173.28,175.84,180.93,189.69,182.71,187.41,183.71,175.06,184.65,189.7,193.08,193.79,196.09,207.26,219.25,222.72,207.66,248.1099883,275.8,256.491177,236.2145888,180.9945353,220.2911155,238.7920628,226.4933615,240.3303818,224.6607415,243.5193853,240.752521,235.5303643,235.334829,246.8972411,234.9736677,245.7189314,269.2835737,270.8745851,260.7068039,270.3189207,270.8713358,288.3125882,280.7549476,283.6125762,266.9809233,279.8844541,278.4155365,280.2853706,280.1729107,274.6811535,277.6548326,281.1292578,280.673973,284.2504404,285.0570488,278.6654403,282.8586527,277.1949888,284.0361376,278.0416694,282.2364568,277.4947171,280.450256,281.137206,286.0387708,288.0668353,289.3560405,286.6886918,288.8843547,281.7015268,287.1653432,290.1917471,288.170423,290.7139238,288.787335,287.4279162,274.9675579,291.0932293,298.6917996,302.7879304,305.8555223,308.6544165,309.6755861,314.2365723,313.6118922,313.2576015,311.3860297,317.0417562,318.1691781,320.1661385,331.1848217,324.7528057,325.8460327,337.4801258,336.7036943,339.3243041,338.5446784,344.0317295,349.2555028,348.8633294,347.6809659,357.3025002,354.9110159,366.6811681,360.3347738,364.5147856,365.7317422,365.3133897,357.463267,354.8950474,348.0620493,341.350506,347.2636301,342.6763018,344.4447767,338.7450507,339.8981243,341.5924954,345.9304457,345.6230466,336.6492705,334.7345065,334.4599103,338.4269024,339.8061412,341.5890738,336.8243666,335.8044943,337.310682,339.3082735,338.1460372,342.5363478,340.255078,347.0935716,346.0917506
38,西宁,100,101.5981357,100.453224,102.0851415,101.5077536,99.37496154,101.4564375,102.2015282,104.1946494,103.890796,104.251221,103.6422315,103.7617345,106.8777052,106.1815602,105.4197133,107.4012102,107.72,108.03,111.59,112.48,117.82,115.74,118.97,121.05,122.1,123.58,124.98,128.83,129.75,127.13,133.11,130.35,133.1,134.81,140.32,135.3,143.85,141.81,144.09,144.7,147.31,150.78,150.06,155.65,155.32,159.57,158.1,157.58,147.01,159.9,164,165.07,165.95,162.38,165.08,171.5138573,177.1734064,171.12,172.7,179.5318647,179.8461263,181.0649936,181.7180173,189.8430357,186.4824737,195.2737326,190.0461108,197.8270388,197.7293263,201.1142119,199.4879253,201.2559693,215.6598542,212.52017,219.1326597,224.6413669,224.0968823,230.612003,224.206487,215.8796026,215.4029197,217.9146648,230.836324,240.4022563,237.3482198,235.9201215,242.716494,243.4728811,241.2938869,242.565738,255.5498898,262.4772339,256.0596915,245.8246632,234.8649863,259.8225713,296.2601967,276.2420032,274.2852981,283.410319,286.3055547,273.975417,274.974925,276.2205303,275.3906463,282.3514865,274.256545,275.177982,275.5201926,277.1996468,261.6122214,265.507764,266.284993,270.8003551,273.0069787,265.3282617,277.289845,289.6339325,271.0584949,268.1081919,282.7750457,304.6837374,288.9151946,288.2063551,298.6623733,286.8551051,288.7431592,283.4645815,299.7905288,305.5215294,298.3846646,317.2901238,312.8238019,307.122917,301.4691613,333.522932,337.0457912,330.5253584,358.1938318,344.7937749,346.4606955,353.9704297,350.9935149,347.6432585,349.4389913,349.6846877,357.5192568,373.0431225,392.7551416,383.6840928,385.314022,398.6416329,427.8758189,405.6465314,424.2943105,424.2491246,484.1637216,479.1212836,470.6740933,501.2513127,504.6064192,492.3248459,471.8924203,524.7740817,545.9617291,540.7773215,544.1529903,550.4042286,537.7339382,564.3056869,545.071143,532.412612,520.9722273,560.2480382,577.2247508,596.58199,623.9136644,608.5425263
39,银川,100,101.8321822,103.7207494,106.8287608,103.4556673,108.4026121,107.6050794,111.7311726,113.5585913,110.4126275,112.9642118,114.225835,114.129719,109.8330788,116.2450711,111.4741836,116.1168261,115.3,116.01,122.74,129.22,132.38,123.67,132.8,132.16,132.06,134.08,131.26,143.91,143.54,128.65,140.15,142.7,145.94,144.07,143.14,147.82,149.51,150.28,152.48,148.88,152.97,155.46,161.46,160.3,161.62,161.75,171.58,180,174.37,181.06,181.32,180.18,180.24,190.66,190.23,186.89,189.22,193.89,206.63,192.19,196.8346323,205.4740318,214.5184932,206.2080998,193.9833804,215.8284249,216.2320999,210.3589182,227.6963885,216.7530229,224.4364574,194.2558491,182.702978,187.6257267,192.2158595,199.6636056,212.8554684,201.6723042,215.8765742,232.636026,220.6542995,218.6881452,224.2080356,229.0944654,222.0036525,221.180816,230.5363617,234.4537464,232.6527864,235.1638159,225.0282493,223.5513528,221.9236685,223.3395359,225.9920027,223.3788998,226.3642468,223.8348461,216.7701937,221.1459503,222.977169,216.9896561,213.1303579,214.5253012,211.9575006,210.0995542,209.8105511,205.8339452,211.2010961,207.8646528,202.4289346,200.7524577,206.2885424,203.3017076,205.2771188,205.3426995,205.7789274,202.3937099,202.9825181,199.3825578,201.2665266,202.1329718,205.4904834,203.4379079,206.8914872,207.5879973,205.6690938,206.0724425,205.9599804,206.2086243,208.40105,209.3171448,212.0485155,210.6424883,213.9207576,217.6714957,211.7392157,216.3682235,217.1937273,222.7363092,220.2180815,223.0688678,224.3065915,223.2638458,227.8790953,223.002747,234.0176431,236.1380524,234.2165389,241.9508791,242.0384986,242.5671382,242.8896808,237.9986244,243.9108831,243.0127045,248.3270219,246.819933,250.0010449,255.0559388,254.9165781,258.6733609,262.7461742,267.8294246,269.5604369,261.9012325,264.2477544,275.6865141,282.3098788,282.1923561,280.8106394,286.8511042,285.2633907,289.0313783,281.2509946,303.1957267,308.7989555,310.1455887
40,乌鲁木齐,100,96.64,97.78,98.6,100.14,99.43,98.84,100.17,107.35,104.41,105.21,104.73,109.86,110.82,116.47,116.32,121.8,117.1,119.58,130.26,129.52,138.76,146.45,143.16,148.56,157.15,146.12,158.08,161.58,164.36,167.84,170.04,160.89,164.77,159.44,165.21,172.26,177.07,181.86,187.45,187.72,186.46,190.71,188.87,194.82,196.05,192.21,200.4,196.26,200.82,203.59,204.48,209.26,207.06,241.4102775,236.24,243.45,241.17,234.5,236.74,258.48,270.8358455,243.5640661,242.1404823,268.0209973,275.027328,269.3196467,259.6305299,286.7198673,263.8396151,284.9739814,278.4774212,273.8824744,294.687258,273.5778545,285.2829022,289.4713727,294.9290027,295.710755,284.7080552,299.2715179,311.4033792,294.1229514,286.0832198,294.1507075,280.7639531,291.9909363,312.5347824,289.6623517,301.8573303,295.6509096,309.8153917,293.5903708,308.8901883,297.9449233,307.9477096,322.8977876,357.1459385,362.0773164,357.583188,350.1084964,334.2293047,337.1988473,345.8303721,293.4910571,329.1984605,334.2394952,319.0176987,300.4782547,300.406108,278.8832051,290.3288477,293.5071074,266.4772984,286.6548034,285.0909377,276.8682221,274.4984265,264.5326805,271.0889501,255.4751407,261.3438486,264.7607772,274.7506399,282.3302618,283.2269104,281.7642166,293.8097666,301.2501045,299.8612844,304.1953539,281.3253907,303.1159344,302.8914462,311.5563649,303.9407254,310.4104588,309.8072976,301.3545732,299.7071528,306.641494,327.0592116,319.4325438,318.7563065,331.4362259,366.3394897,349.7917303,353.4137974,355.2286492,349.8259443,370.5475085,354.4861771,364.8870725,378.0528413,366.7696821,365.3344827,378.0487396,398.2990792,392.866245,395.6008858,408.379304,394.2322304,396.492239,400.8395983,396.3338801,401.6103203,401.7756569,390.7040519,383.479118,0,397.3546217,397.3142618,380.4197649,395.1495605,396.5329175,0,386.3827883,369.6855013,348.4512799
